{
  "resource_pack_name": "Addon Maker Resource",
  "texture_name": "atlas.items",
  "texture_data": {
    "sarcophagus": {
      "textures": [
        "textures/items/sarcophagus"
      ]
    },
    "pocket": {
      "textures": [
        "textures/items/pocket"
      ]
    },
    "iron_pocket": {
      "textures": [
        "textures/items/iron_pocket"
      ]
    },
    "gold_pocket": {
      "textures": [
        "textures/items/gold_pocket"
      ]
    },
    "diamond_pocket": {
      "textures": [
        "textures/items/diamond_pocket"
      ]
    },
    "netherite_pocket": {
      "textures": [
        "textures/items/netherite_pocket"
      ]
    },
    "magnet": {
      "textures": [
        "textures/items/magnet"
      ]
    },
    "add_friend": {
      "textures": [
        "textures/items/add_friend"
      ]
    },
    "backpack_default": {
      "textures": [
        "textures/items/backpack_default"
      ]
    },
    "black_backpack": {
      "textures": [
        "textures/items/black_backpack"
      ]
    },
    "blue_backpack": {
      "textures": [
        "textures/items/blue_backpack"
      ]
    },
    "brown_backpack": {
      "textures": [
        "textures/items/brown_backpack"
      ]
    },
    "cyan_backpack": {
      "textures": [
        "textures/items/cyan_backpack"
      ]
    },
    "gray_backpack": {
      "textures": [
        "textures/items/gray_backpack"
      ]
    },
    "green_backpack": {
      "textures": [
        "textures/items/green_backpack"
      ]
    },
    "light_blue_backpack": {
      "textures": [
        "textures/items/light_blue_backpack"
      ]
    },
    "light_gray_backpack": {
      "textures": [
        "textures/items/light_gray_backpack"
      ]
    },
    "lime_backpack": {
      "textures": [
        "textures/items/lime_backpack"
      ]
    },
    "magenta_backpack": {
      "textures": [
        "textures/items/magenta_backpack"
      ]
    },
    "orange_backpack": {
      "textures": [
        "textures/items/orange_backpack"
      ]
    },
    "pink_backpack": {
      "textures": [
        "textures/items/pink_backpack"
      ]
    },
    "purple_backpack": {
      "textures": [
        "textures/items/purple_backpack"
      ]
    },
    "red_backpack": {
      "textures": [
        "textures/items/red_backpack"
      ]
    },
    "white_backpack": {
      "textures": [
        "textures/items/white_backpack"
      ]
    },
    "yellow_backpack": {
      "textures": [
        "textures/items/yellow_backpack"
      ]
    },
    "axolotl_backpack": {
      "textures": [
        "textures/items/axolotl_backpack"
      ]
    },
    "capybara_backpack": {
      "textures": [
        "textures/items/capybara_backpack"
      ]
    },
    "cat_backpack": {
      "textures": [
        "textures/items/cat_backpack"
      ]
    },
    "luxury_backpack": {
      "textures": [
        "textures/items/luxury_backpack"
      ]
    },
    "pumpkin_backpack": {
      "textures": [
        "textures/items/pumpkin_backpack"
      ]
    },
    "cat1_backpack": {
      "textures": [
        "textures/items/cat1_backpack"
      ]
    },
    "cat2_backpack": {
      "textures": [
        "textures/items/cat2_backpack"
      ]
    },
    "cat3_backpack": {
      "textures": [
        "textures/items/cat3_backpack"
      ]
    },
    "cat4_backpack": {
      "textures": [
        "textures/items/cat4_backpack"
      ]
    },
    "panda_backpack": {
      "textures": [
        "textures/items/panda_backpack"
      ]
    },
    "panda_aggressive_backpack": {
      "textures": [
        "textures/items/panda_aggressive_backpack"
      ]
    },
    "panda_brown_backpack": {
      "textures": [
        "textures/items/panda_brown_backpack"
      ]
    },
    "panda_lazy_backpack": {
      "textures": [
        "textures/items/panda_lazy_backpack"
      ]
    },
    "panda_playful_backpack": {
      "textures": [
        "textures/items/panda_playful_backpack"
      ]
    },
    "panda_weak_backpack": {
      "textures": [
        "textures/items/panda_sneezy_backpack"
      ]
    },
    "panda_worried_backpack": {
      "textures": [
        "textures/items/panda_worried_backpack"
      ]
    },
    "glove": {
      "textures": [
        "textures/items/glove"
      ]
    },
    "ender_bag": {
      "textures": [
        "textures/items/ender_bag"
      ]
    }
  }
}