{
   "format_version": "1.21.60",
   "minecraft:crafting_items_catalog": {
      "categories": [
         {
            "category_name": "equipment",
            "groups": [
               {
                  "group_identifier": {
                     "icon": "true:backpack_yellow_item",
                     "name": "true_bp:true_backpack_color_equipment"
                  },
                  "items": [
                     "true:backpack_white_item",
                     "true:backpack_light_gray_item",
                     "true:backpack_gray_item",
                     "true:backpack_black_item",
                     "true:backpack_brown_item",
                     "true:backpack_red_item",
                     "true:backpack_orange_item",
                     "true:backpack_yellow_item",
                     "true:backpack_lime_item",
                     "true:backpack_green_item",
                     "true:backpack_cyan_item",
                     "true:backpack_light_blue_item",
                     "true:backpack_blue_item",
                     "true:backpack_purple_item",
                     "true:backpack_magenta_item",
                     "true:backpack_pink_item"
                  ]
               }
            ]
         },
         {
            "category_name": "equipment",
            "groups": [
               {
                  "group_identifier": {
                     "icon": "true:backpack_capybara_item",
                     "name": "true_bp:true_backpack_animal_equipment"
                  },
                  "items": [
                     "true:backpack_axolotl_item",
                     "true:backpack_capybara_item",
                     "true:backpack_cat_item",
                     "true:backpack_catblack_item",
                     "true:backpack_catorange_item",
                     "true:backpack_catwhite_item",
                     "true:backpack_catsiamese_item",
                     "true:backpack_panda_item",
                     "true:backpack_panda_aggressive_item",
                     "true:backpack_panda_brown_item",
                     "true:backpack_panda_lazy_item",
                     "true:backpack_panda_playful_item",
                     "true:backpack_panda_weak_item",
                     "true:backpack_panda_worried_item"
                  ]
               }
            ]
         },
         {
            "category_name": "equipment",
            "groups": [
               {
                  "group_identifier": {
                     "icon": "true:backpack_luxury_item",
                     "name": "true_bp:true_backpack_special_equipment"
                  },
                  "items": [
                     "true:backpack_luxury_item",
                     "true:backpack_pumpkin_item"
                  ]
               }
            ]
         }
      ]
   }
}