{
	"format_version": "1.12.0",
	"minecraft:geometry": [
		{
			"description": {
				"identifier": "geometry.true_bp.cat_backpack.player",
				"texture_width": 64,
				"texture_height": 64,
				"visible_bounds_width": 3,
				"visible_bounds_height": 3.5,
				"visible_bounds_offset": [0, 1.25, 0]
			},
			"bones": [
				{
					"name": "root",
					"pivot": [0, 0, 0]
				},
				{
					"name": "waist",
					"parent": "root",
					"pivot": [0, 0, 0]
				},
				{
					"name": "body",
					"parent": "waist",
					"pivot": [0, 24, 0]
				},
				{
					"name": "bone",
					"parent": "body",
					"pivot": [0, 16.35238, 5.46019],
					"rotation": [0, 180, 0],
					"cubes": [
						{"origin": [-3, 14, 5], "size": [6, 7, 3], "uv": [0, 10]},
						{"origin": [-3, 14, 8.2], "size": [6, 7, 0], "uv": [0, 20]},
						{"origin": [2, 14, 5], "size": [2, 2, 4], "pivot": [2, 14, 3], "rotation": [55, -17.5, 0], "uv": [24, 24]},
						{"origin": [-4, 14, 5], "size": [2, 2, 4], "pivot": [-2, 14, 3], "rotation": [55, 17.5, 0], "uv": [24, 24], "mirror": true},
						{"origin": [-4, 10, 4], "size": [2, 2, 4], "pivot": [-1, 10, 2], "rotation": [50, 17.5, 0], "uv": [26, 0]},
						{"origin": [2, 10, 4], "size": [2, 2, 4], "pivot": [1, 10, 2], "rotation": [50, -17.5, 0], "uv": [26, 0], "mirror": true}
					]
				},
				{
					"name": "bone2",
					"parent": "bone",
					"pivot": [3, 14, 2],
					"cubes": [
						{"origin": [3.4, 26, 6], "size": [3, 3, 1], "pivot": [6.4, 25, 6], "rotation": [0, 0, -50], "uv": [41, 14]}
					]
				},
				{
					"name": "bone3",
					"parent": "bone",
					"pivot": [3, 14, 2]
				},
				{
					"name": "bone4",
					"parent": "bone3",
					"pivot": [-3, 14, 2],
					"cubes": [
						{"origin": [-4, 20, 4], "size": [8, 5, 5], "uv": [0, 0]},
						{"origin": [-4, 21.4, 3.8], "size": [8, 2, 5], "uv": [0, 35]},
						{"origin": [-6.4, 26, 6], "size": [3, 3, 1], "pivot": [-6.4, 25, 6], "rotation": [0, 0, 50], "uv": [41, 14], "mirror": true}
					]
				},
				{
					"name": "bone5",
					"parent": "bone",
					"pivot": [3, 14, 2]
				},
				{
					"name": "bone6",
					"parent": "bone5",
					"pivot": [-3, 14, 2],
					"cubes": [
						{"origin": [-2, 20, 3], "size": [4, 2, 1], "inflate": -0.1, "uv": [24, 30]}
					]
				},
				{
					"name": "bone7",
					"parent": "bone",
					"pivot": [3, 14, 2],
					"cubes": [
						{"origin": [-3, 16, 7.6], "size": [7, 7, 0], "pivot": [1, 16, 7.6], "rotation": [-33.32705, 8.68128, 108.55949], "uv": [18, 17]}
					]
				}
			]
		}
	]
}