{
  "format_version": "1.8.0",
  "render_controllers": {
    "controller.render.true_bp.backpack_netherite_upgrade": {
      "geometry": "geometry.true_backpack.netherite_upgrade",
      "materials": [
        {
          "*": "Material.default"
        }
      ],
      "textures": [
        "texture.netherite_upgrade_backpack"
      ]
    },
    "controller.render.true_bp.backpack": {
      "geometry": "geometry.true_backpack",
      "materials": [
        {
          "*": "Material.default"
        }
      ],
      "textures": [
        "texture.backpack_default"
      ]
    },
    "controller.render.true_bp.black_backpack": {
      "geometry": "geometry.true_backpack",
      "materials": [
        {
          "*": "Material.default"
        }
      ],
      "textures": [
        "texture.backpack_black"
      ]
    },
    "controller.render.true_bp.blue_backpack": {
      "geometry": "geometry.true_backpack",
      "materials": [
        {
          "*": "Material.default"
        }
      ],
      "textures": [
        "texture.backpack_blue"
      ]
    },
    "controller.render.true_bp.brown_backpack": {
      "geometry": "geometry.true_backpack",
      "materials": [
        {
          "*": "Material.default"
        }
      ],
      "textures": [
        "texture.backpack_brown"
      ]
    },
    "controller.render.true_bp.cyan_backpack": {
      "geometry": "geometry.true_backpack",
      "materials": [
        {
          "*": "Material.default"
        }
      ],
      "textures": [
        "texture.backpack_cyan"
      ]
    },
    "controller.render.true_bp.gray_backpack": {
      "geometry": "geometry.true_backpack",
      "materials": [
        {
          "*": "Material.default"
        }
      ],
      "textures": [
        "texture.backpack_gray"
      ]
    },
    "controller.render.true_bp.green_backpack": {
      "geometry": "geometry.true_backpack",
      "materials": [
        {
          "*": "Material.default"
        }
      ],
      "textures": [
        "texture.backpack_green"
      ]
    },
    "controller.render.true_bp.light_blue_backpack": {
      "geometry": "geometry.true_backpack",
      "materials": [
        {
          "*": "Material.default"
        }
      ],
      "textures": [
        "texture.backpack_light_blue"
      ]
    },
    "controller.render.true_bp.light_gray_backpack": {
      "geometry": "geometry.true_backpack",
      "materials": [
        {
          "*": "Material.default"
        }
      ],
      "textures": [
        "texture.backpack_light_gray"
      ]
    },
    "controller.render.true_bp.lime_backpack": {
      "geometry": "geometry.true_backpack",
      "materials": [
        {
          "*": "Material.default"
        }
      ],
      "textures": [
        "texture.backpack_lime"
      ]
    },
    "controller.render.true_bp.magenta_backpack": {
      "geometry": "geometry.true_backpack",
      "materials": [
        {
          "*": "Material.default"
        }
      ],
      "textures": [
        "texture.backpack_magenta"
      ]
    },
    "controller.render.true_bp.orange_backpack": {
      "geometry": "geometry.true_backpack",
      "materials": [
        {
          "*": "Material.default"
        }
      ],
      "textures": [
        "texture.backpack_orange"
      ]
    },
    "controller.render.true_bp.pink_backpack": {
      "geometry": "geometry.true_backpack",
      "materials": [
        {
          "*": "Material.default"
        }
      ],
      "textures": [
        "texture.backpack_pink"
      ]
    },
    "controller.render.true_bp.purple_backpack": {
      "geometry": "geometry.true_backpack",
      "materials": [
        {
          "*": "Material.default"
        }
      ],
      "textures": [
        "texture.backpack_purple"
      ]
    },
    "controller.render.true_bp.red_backpack": {
      "geometry": "geometry.true_backpack",
      "materials": [
        {
          "*": "Material.default"
        }
      ],
      "textures": [
        "texture.backpack_red"
      ]
    },
    "controller.render.true_bp.white_backpack": {
      "geometry": "geometry.true_backpack",
      "materials": [
        {
          "*": "Material.default"
        }
      ],
      "textures": [
        "texture.backpack_white"
      ]
    },
    "controller.render.true_bp.yellow_backpack": {
      "geometry": "geometry.true_backpack",
      "materials": [
        {
          "*": "Material.default"
        }
      ],
      "textures": [
        "texture.backpack_yellow"
      ]
    },
    //RP
    "controller.render.true_bp.axolotl_backpack.player": {
      "geometry": "geometry.backpack_axolotl",
      "materials": [
        {
          "*": "Material.default"
        }
      ],
      "textures": [
        "texture.backpack_axolotl"
      ]
    },
    "controller.render.true_bp.capybara_backpack.player": {
      "geometry": "geometry.backpack_capybara",
      "materials": [
        {
          "*": "Material.default"
        }
      ],
      "textures": [
        "texture.backpack_capybara"
      ]
    },
    "controller.render.true_bp.cat_backpack.player": {
      "geometry": "geometry.backpack_cat",
      "materials": [
        {
          "*": "Material.default"
        }
      ],
      "textures": [
        "texture.backpack_cat"
      ]
    },
    "controller.render.true_bp.luxury_backpack.player": {
      "geometry": "geometry.backpack_luxury",
      "materials": [
        {
          "*": "Material.default"
        }
      ],
      "textures": [
        "texture.backpack_luxury"
      ]
    },
    "controller.render.true_bp.pumpkin_backpack.player": {
      "geometry": "geometry.backpack_pumpkin",
      "materials": [
        {
          "*": "Material.default"
        }
      ],
      "textures": [
        "texture.backpack_pumpkin"
      ]
    },
    "controller.render.true_bp.cat1_backpack.player": {
      "geometry": "geometry.backpack_cat",
      "materials": [
        {
          "*": "Material.default"
        }
      ],
      "textures": [
        "texture.backpack_cat1"
      ]
    },
    "controller.render.true_bp.cat2_backpack.player": {
      "geometry": "geometry.backpack_cat",
      "materials": [
        {
          "*": "Material.default"
        }
      ],
      "textures": [
        "texture.backpack_cat2"
      ]
    },
    "controller.render.true_bp.cat3_backpack.player": {
      "geometry": "geometry.backpack_cat",
      "materials": [
        {
          "*": "Material.default"
        }
      ],
      "textures": [
        "texture.backpack_cat3"
      ]
    },
    "controller.render.true_bp.cat4_backpack.player": {
      "geometry": "geometry.backpack_cat",
      "materials": [
        {
          "*": "Material.default"
        }
      ],
      "textures": [
        "texture.backpack_cat4"
      ]
    },
    //panda
    "controller.render.true_bp.panda_backpack.player": {
      "geometry": "geometry.backpack_panda",
      "materials": [
        {
          "*": "Material.default"
        }
      ],
      "textures": [
        "texture.panda_backpack"
      ]
    },
    "controller.render.true_bp.panda_aggressive_backpack.player": {
      "geometry": "geometry.backpack_panda",
      "materials": [
        {
          "*": "Material.default"
        }
      ],
      "textures": [
        "texture.panda_aggressive_backpack"
      ]
    },
    "controller.render.true_bp.panda_brown_backpack.player": {
      "geometry": "geometry.backpack_panda",
      "materials": [
        {
          "*": "Material.default"
        }
      ],
      "textures": [
        "texture.panda_brown_backpack"
      ]
    },
    "controller.render.true_bp.panda_lazy_backpack.player": {
      "geometry": "geometry.backpack_panda",
      "materials": [
        {
          "*": "Material.default"
        }
      ],
      "textures": [
        "texture.panda_lazy_backpack"
      ]
    },
    "controller.render.true_bp.panda_playful_backpack.player": {
      "geometry": "geometry.backpack_panda",
      "materials": [
        {
          "*": "Material.default"
        }
      ],
      "textures": [
        "texture.panda_playful_backpack"
      ]
    },
    "controller.render.true_bp.panda_sneezy_backpack.player": {
      "geometry": "geometry.backpack_panda",
      "materials": [
        {
          "*": "Material.default"
        }
      ],
      "textures": [
        "texture.panda_sneezy_backpack"
      ]
    },
    "controller.render.true_bp.panda_worried_backpack.player": {
      "geometry": "geometry.backpack_panda",
      "materials": [
        {
          "*": "Material.default"
        }
      ],
      "textures": [
        "texture.panda_worried_backpack"
      ]
    }
  }
}