{
  "format_version": "1.8.0",
  "render_controllers": {
    // Colors
    "controller.render.backpack": {
      "arrays": {
        "textures": {
          "Array.colors": [
            "Texture.default",
            "Texture.black",
            "Texture.blue",
            "Texture.brown",
            "Texture.cyan",
            "Texture.gray",
            "Texture.green",
            "Texture.light_blue",
            "Texture.light_gray",
            "Texture.lime",
            "Texture.magenta",
            "Texture.orange",
            "Texture.pink",
            "Texture.purple",
            "Texture.red",
            "Texture.white",
            "Texture.yellow"
          ]
        },
        "geometries": {
          "Array.back": [
            "Geometry.default",
            "Geometry.back"
          ]
        }
      },
      "geometry": "Array.back[query.is_riding]",
      "materials": [
        {
          "*": "Material.default"
        }
      ],
      "textures": [
        "Array.colors[query.skin_id]"
      ]
    },
    "controller.render.max": {
      "arrays": {
        "textures": {
          "Array.void": [
            "Texture.none",
            "Texture.void"
          ]
        },
        "geometries": {
          "Array.back": [
            "Geometry.default",
            "Geometry.back"
          ]
        }
      },
      "geometry": "Array.back[query.is_riding]",
      "materials": [
        {
          "*": "Material.default"
        }
      ],
      "textures": [
        "Array.void[variable.max]"
      ]
    },
    //variants
    "controller.render.axolotl_backpack": {
      "geometry": "geometry.axolotl_backpack",
      "materials": [
        {
          "*": "Material.default"
        }
      ],
      "textures": [
        "texture.axolotl_backpack"
      ]
    },
    "controller.render.capybara_backpack": {
      "geometry": "geometry.capybara_backpack",
      "materials": [
        {
          "*": "Material.default"
        }
      ],
      "textures": [
        "texture.capybara_backpack"
      ]
    },
    "controller.render.cat_backpack": {
      "geometry": "geometry.cat_backpack",
      "materials": [
        {
          "*": "Material.default"
        }
      ],
      "textures": [
        "texture.cat_backpack"
      ]
    },
    "controller.render.luxury_backpack": {
      "geometry": "geometry.luxury_backpack",
      "materials": [
        {
          "*": "Material.default"
        }
      ],
      "textures": [
        "texture.luxury_backpack"
      ]
    },
    "controller.render.pumpkin_backpack": {
      "geometry": "geometry.pumpkin_backpack",
      "materials": [
        {
          "*": "Material.default"
        }
      ],
      "textures": [
        "texture.pumpkin_backpack"
      ]
    },
    "controller.render.cat1_backpack": {
      "geometry": "geometry.cat_backpack",
      "materials": [
        {
          "*": "Material.default"
        }
      ],
      "textures": [
        "texture.cat1_backpack"
      ]
    },
    "controller.render.cat2_backpack": {
      "geometry": "geometry.cat_backpack",
      "materials": [
        {
          "*": "Material.default"
        }
      ],
      "textures": [
        "texture.cat2_backpack"
      ]
    },
    "controller.render.cat3_backpack": {
      "geometry": "geometry.cat_backpack",
      "materials": [
        {
          "*": "Material.default"
        }
      ],
      "textures": [
        "texture.cat3_backpack"
      ]
    },
    "controller.render.cat4_backpack": {
      "geometry": "geometry.cat_backpack",
      "materials": [
        {
          "*": "Material.default"
        }
      ],
      "textures": [
        "texture.cat4_backpack"
      ]
    },
    "controller.render.panda_backpack": {
      "geometry": "geometry.panda_backpack",
      "materials": [
        {
          "*": "Material.default"
        }
      ],
      "textures": [
        "texture.panda_backpack"
      ]
    },
    "controller.render.panda_aggressive_backpack": {
      "geometry": "geometry.panda_backpack",
      "materials": [
        {
          "*": "Material.default"
        }
      ],
      "textures": [
        "texture.panda_aggressive_backpack"
      ]
    },
    "controller.render.panda_brown_backpack": {
      "geometry": "geometry.panda_backpack",
      "materials": [
        {
          "*": "Material.default"
        }
      ],
      "textures": [
        "texture.panda_brown_backpack"
      ]
    },
    "controller.render.panda_lazy_backpack": {
      "geometry": "geometry.panda_backpack",
      "materials": [
        {
          "*": "Material.default"
        }
      ],
      "textures": [
        "texture.panda_lazy_backpack"
      ]
    },
    "controller.render.panda_playful_backpack": {
      "geometry": "geometry.panda_backpack",
      "materials": [
        {
          "*": "Material.default"
        }
      ],
      "textures": [
        "texture.panda_playful_backpack"
      ]
    },
    "controller.render.panda_sneezy_backpack": {
      "geometry": "geometry.panda_backpack",
      "materials": [
        {
          "*": "Material.default"
        }
      ],
      "textures": [
        "texture.panda_sneezy_backpack"
      ]
    },
    "controller.render.panda_worried_backpack": {
      "geometry": "geometry.panda_backpack",
      "materials": [
        {
          "*": "Material.default"
        }
      ],
      "textures": [
        "texture.panda_worried_backpack"
      ]
    }
  }
}