{
  "format_version": "1.20.10",
  "minecraft:recipe_shaped": {
    "description": {
      "identifier": "true:backpack_pink_item"
    },
    "tags": [
      "crafting_table"
    ],
    "pattern": [
      "BAB",
      "ACA",
      "AAA"
    ],
    "key": {
      "A": {
        "item": "minecraft:leather"
      },
      "B": {
        "item": "minecraft:string"
      },
      "C": {
        "item": "minecraft:pink_dye"
      }
    },
    "unlock": {
      "context": "AlwaysUnlocked"
    },
    "result": {
      "item": "true:backpack_pink_item"
    }
  }
}