{
	"format_version": "1.12.0",
	"minecraft:geometry": [
		{
			"description": {
				"identifier": "geometry.true_bp.capybara_backpack.player",
				"texture_width": 64,
				"texture_height": 64,
				"visible_bounds_width": 3,
				"visible_bounds_height": 3.5,
				"visible_bounds_offset": [0, 1.25, 0]
			},
			"bones": [
				{
					"name": "root",
					"pivot": [0, 0, 0]
				},
				{
					"name": "waist",
					"parent": "root",
					"pivot": [0, 0, 0]
				},
				{
					"name": "body",
					"parent": "waist",
					"pivot": [0, 24, 0]
				},
				{
					"name": "backpack",
					"parent": "body",
					"pivot": [0, 20.4, 1.65],
					"rotation": [0, 180, 0],
					"cubes": [
						{"origin": [-3, 20, -1.75], "size": [6, 7, 5], "pivot": [0, 20, 0.25], "rotation": [97.5, 0, 0], "uv": [0, 13]},
						{"origin": [-3, 20.4, -0.35], "size": [6, 7, 5], "inflate": 0.1, "pivot": [0, 20.4, 1.65], "rotation": [97.5, 0, 0], "uv": [22, 13]}
					]
				},
				{
					"name": "root2",
					"parent": "backpack",
					"pivot": [-5, 13, -6.25],
					"cubes": [
						{"origin": [-3.6, 20, 2.05], "size": [1, 1, 2], "pivot": [-0.6, 20, 1.05], "rotation": [97.5, 0, 0], "uv": [1, 47], "mirror": true}
					]
				},
				{
					"name": "root3",
					"parent": "backpack",
					"pivot": [5, 13, -6.25],
					"cubes": [
						{"origin": [0, 14, -6.25], "size": [2, 3, 2], "pivot": [3, 13, -5.25], "rotation": [-25.25766, 11.2531, 22.47096], "uv": [0, 25]},
						{"origin": [2.6, 20, 2.05], "size": [1, 1, 2], "pivot": [0.6, 20, 1.05], "rotation": [97.5, 0, 0], "uv": [1, 47]},
						{"origin": [-3, 13, 1.85], "size": [6, 7, 0], "uv": [24, 0]},
						{"origin": [-3, 13, -4.25], "size": [6, 7, 6], "inflate": -0.1, "uv": [0, 0]},
						{"origin": [-2, 14, -6.25], "size": [2, 3, 2], "pivot": [-3, 13, -5.25], "rotation": [-25.25766, -11.2531, -22.47096], "uv": [8, 25]},
						{"origin": [-2.6, 14.3, -8.25], "size": [2, 3, 2], "pivot": [-3.6, 13.3, -7.25], "rotation": [-85.52488, -15.64684, -3.7169], "uv": [16, 25]},
						{"origin": [0.6, 14.3, -8.25], "size": [2, 3, 2], "pivot": [3.6, 13.3, -7.25], "rotation": [-85.52488, 15.64684, 3.7169], "uv": [24, 25]},
						{"origin": [-3, 22.1, -7.55], "size": [3, 3, 3], "pivot": [-2, 22.1, -3.55], "rotation": [-174.2024, -54.91462, 169.69743], "uv": [24, 7]},
						{"origin": [-3.2, 25.1, -4.85], "size": [0, 3, 3], "pivot": [-2.2, 25.1, -0.85], "rotation": [157.99058, -76.55188, -158.53852], "uv": [0, 30]}
					]
				}
			]
		}
	]
}