{
	"format_version": "1.12.0",
	"minecraft:geometry": [
		{
			"description": {
				"identifier": "geometry.true_bp.capybara_backpack",
				"texture_width": 64,
				"texture_height": 64,
				"visible_bounds_width": 2,
				"visible_bounds_height": 2.5,
				"visible_bounds_offset": [0, 0.75, 0]
			},
			"bones": [
				{
					"name": "root",
					"pivot": [0, 7.4, 2.9],
					"cubes": [
						{"origin": [-3, 7, -0.5], "size": [6, 7, 5], "pivot": [0, 7, 1.5], "rotation": [97.5, 0, 0], "uv": [0, 13]},
						{"origin": [-3, 7.4, 0.9], "size": [6, 7, 5], "inflate": 0.1, "pivot": [0, 7.4, 2.9], "rotation": [97.5, 0, 0], "uv": [22, 13]}
					]
				},
				{
					"name": "b",
					"parent": "root",
					"pivot": [-5, 0, -5],
					"cubes": [
						{"origin": [-3.6, 7, 3.3], "size": [1, 1, 2], "pivot": [-0.6, 7, 2.3], "rotation": [97.5, 0, 0], "uv": [1, 47], "mirror": true}
					]
				},
				{
					"name": "c",
					"parent": "root",
					"pivot": [5, 0, -5],
					"cubes": [
						{"origin": [0, 1, -5], "size": [2, 3, 2], "pivot": [3, 0, -4], "rotation": [-25.25766, 11.2531, 22.47096], "uv": [0, 25]},
						{"origin": [2.6, 7, 3.3], "size": [1, 1, 2], "pivot": [0.6, 7, 2.3], "rotation": [97.5, 0, 0], "uv": [1, 47]},
						{"origin": [-3, 0, 3.1], "size": [6, 7, 0], "uv": [24, 0]},
						{"origin": [-3, 0, -3], "size": [6, 7, 6], "inflate": -0.1, "uv": [0, 0]},
						{"origin": [-2, 1, -5], "size": [2, 3, 2], "pivot": [-3, 0, -4], "rotation": [-25.25766, -11.2531, -22.47096], "uv": [8, 25]},
						{"origin": [-2.6, 1.3, -7], "size": [2, 3, 2], "pivot": [-3.6, 0.3, -6], "rotation": [-85.52488, -15.64684, -3.7169], "uv": [16, 25]},
						{"origin": [0.6, 1.3, -7], "size": [2, 3, 2], "pivot": [3.6, 0.3, -6], "rotation": [-85.52488, 15.64684, 3.7169], "uv": [24, 25]},
						{"origin": [-3, 9.1, -6.3], "size": [3, 3, 3], "pivot": [-2, 9.1, -2.3], "rotation": [-174.2024, -54.91462, 169.69743], "uv": [24, 7]},
						{"origin": [-3.2, 12.1, -3.6], "size": [0, 3, 3], "pivot": [-2.2, 12.1, 0.4], "rotation": [157.99058, -76.55188, -158.53852], "uv": [0, 30]}
					]
				}
			]
		}
	]
}