{
	"format_version": "1.12.0",
	"minecraft:geometry": [
		{
			"description": {
				"identifier": "geometry.true_bp.pumpkin_backpack.player",
				"texture_width": 32,
				"texture_height": 32,
				"visible_bounds_width": 3,
				"visible_bounds_height": 3.5,
				"visible_bounds_offset": [0, 1.25, 0]
			},
			"bones": [
				{
					"name": "root",
					"pivot": [0, 0, 0]
				},
				{
					"name": "waist",
					"parent": "root",
					"pivot": [0, 0, 0]
				},
				{
					"name": "body",
					"parent": "waist",
					"pivot": [0, 24, 0]
				},
				{
					"name": "bone",
					"parent": "body",
					"pivot": [0, 21.75, 5.05],
					"rotation": [0, 180, 0],
					"cubes": [
						{"origin": [-3.69441, 23, 3.79765], "size": [8, 8, 0], "pivot": [-0.06418, 23, 3.57115], "rotation": [0, -50, 0], "uv": [0, 24]},
						{"origin": [-4, 15, 0], "size": [8, 7, 8], "uv": [0, 0]},
						{"origin": [-4, 22, 0], "size": [8, 1, 8], "pivot": [0, 22, 4], "rotation": [0, -15, 0], "uv": [0, 15]},
						{"origin": [-4, 15, 8.2], "size": [8, 8, 0], "uv": [16, 24]}
					]
				}
			]
		}
	]
}