{
	"format_version": "1.12.0",
	"minecraft:geometry": [
		{
			"description": {
				"identifier": "geometry.true_bp.pumpkin_backpack",
				"texture_width": 32,
				"texture_height": 32,
				"visible_bounds_width": 2,
				"visible_bounds_height": 2.5,
				"visible_bounds_offset": [0, 0.75, 0]
			},
			"bones": [
				{
					"name": "bone",
					"pivot": [-3.06418, 8, 2.57115],
					"cubes": [
						{"origin": [-3.69441, 8, -0.20235], "size": [8, 8, 0], "pivot": [-0.06418, 8, -0.42885], "rotation": [0, -50, 0], "uv": [0, 24]},
						{"origin": [-4, 0, -4], "size": [8, 7, 8], "uv": [0, 0]},
						{"origin": [-4, 7, -4], "size": [8, 1, 8], "pivot": [0, 7, 0], "rotation": [0, -15, 0], "uv": [0, 15]},
						{"origin": [-4, 0, 4.2], "size": [8, 8, 0], "uv": [16, 24]}
					]
				}
			]
		}
	]
}