{
  "format_version": "1.17.11",
  "minecraft:entity": {
    "description": {
      "identifier": "true:backpack",
      "is_spawnable": false,
      "is_summonable": true,
      "is_experimental": false
    },
    "component_groups": {
      "despawn": {
        "minecraft:instant_despawn": {}
      },
      "upgrade:magnet": {
        "minecraft:item_hopper": {},
        "minecraft:behavior.pickup_items": {
          "can_pickup_any_item": true,
          "priority": 0,
          "goal_radius": 0.1,
          "max_dist": 0.1
        }
      },
      "upgrade:pocket:tier_1": {
        "minecraft:inventory": {
          "can_be_siphoned_from": false,
          "container_type": "inventory",
          "restrict_to_owner": false,
          "inventory_size": 36,
          "private": false
        }
      },
      "upgrade:pocket:tier_2": {
        "minecraft:inventory": {
          "can_be_siphoned_from": false,
          "container_type": "inventory",
          "restrict_to_owner": false,
          "inventory_size": 45,
          "private": false
        }
      },
      "upgrade:pocket:tier_3": {
        "minecraft:inventory": {
          "can_be_siphoned_from": false,
          "container_type": "inventory",
          "restrict_to_owner": false,
          "inventory_size": 54,
          "private": false
        }
      },
      "upgrade:pocket:tier_4": {
        "minecraft:inventory": {
          "can_be_siphoned_from": false,
          "container_type": "inventory",
          "restrict_to_owner": false,
          "inventory_size": 63,
          "private": false
        }
      },
      "upgrade:pocket:tier_5": {
        "minecraft:inventory": {
          "can_be_siphoned_from": false,
          "container_type": "inventory",
          "restrict_to_owner": false,
          "inventory_size": 72,
          "private": false
        }
      },
      "default": {
        "minecraft:skin_id": {
          "value": 0
        }
      },
      "black": {
        "minecraft:skin_id": {
          "value": 1
        }
      },
      "blue": {
        "minecraft:skin_id": {
          "value": 2
        }
      },
      "brown": {
        "minecraft:skin_id": {
          "value": 3
        }
      },
      "cyan": {
        "minecraft:skin_id": {
          "value": 4
        }
      },
      "gray": {
        "minecraft:skin_id": {
          "value": 5
        }
      },
      "green": {
        "minecraft:skin_id": {
          "value": 6
        }
      },
      "light_blue": {
        "minecraft:skin_id": {
          "value": 7
        }
      },
      "light_gray": {
        "minecraft:skin_id": {
          "value": 8
        }
      },
      "lime": {
        "minecraft:skin_id": {
          "value": 9
        }
      },
      "magenta": {
        "minecraft:skin_id": {
          "value": 10
        }
      },
      "orange": {
        "minecraft:skin_id": {
          "value": 11
        }
      },
      "pink": {
        "minecraft:skin_id": {
          "value": 12
        }
      },
      "purple": {
        "minecraft:skin_id": {
          "value": 13
        }
      },
      "red": {
        "minecraft:skin_id": {
          "value": 14
        }
      },
      "white": {
        "minecraft:skin_id": {
          "value": 15
        }
      },
      "yellow": {
        "minecraft:skin_id": {
          "value": 16
        }
      },
      "axolotl": {
        "minecraft:skin_id": {
          "value": 17
        }
      },
      "capybara": {
        "minecraft:skin_id": {
          "value": 18
        }
      },
      "luxury": {
        "minecraft:skin_id": {
          "value": 19
        }
      },
      "pumpkin": {
        "minecraft:skin_id": {
          "value": 20
        }
      },
      "cat": {
        "minecraft:skin_id": {
          "value": 21
        }
      },
      "catblack": {
        "minecraft:skin_id": {
          "value": 22
        }
      },
      "catorange": {
        "minecraft:skin_id": {
          "value": 23
        }
      },
      "catwhite": {
        "minecraft:skin_id": {
          "value": 24
        }
      },
      "catsiamese": {
        "minecraft:skin_id": {
          "value": 25
        }
      },
      "panda": {
        "minecraft:skin_id": {
          "value": 26
        }
      },
      "panda_lazy": {
        "minecraft:skin_id": {
          "value": 27
        }
      },
      "panda_worried": {
        "minecraft:skin_id": {
          "value": 28
        }
      },
      "panda_playful": {
        "minecraft:skin_id": {
          "value": 29
        }
      },
      "panda_brown": {
        "minecraft:skin_id": {
          "value": 30
        }
      },
      "panda_weak": {
        "minecraft:skin_id": {
          "value": 31
        }
      },
      "panda_aggressive": {
        "minecraft:skin_id": {
          "value": 32
        }
      }
    },
    "components": {
      "minecraft:nameable": {
        "allow_name_tag_renaming": false,
        "always_show": false
      },
      "minecraft:health": {
        "value": 30,
        "max": 30,
        "min": 1
      },
      "minecraft:inventory": {
        "can_be_siphoned_from": false,
        "container_type": "inventory",
        "restrict_to_owner": false,
        "inventory_size": 27,
        "private": false
      },
      "minecraft:collision_box": {
        "height": 0.6,
        "width": 0.6
      },
      "minecraft:body_rotation_blocked": {},
      "minecraft:is_stackable": {},
      "minecraft:push_through": {
        "value": 0
      },
      "minecraft:knockback_resistance": {
        "value": 1.0
      },
      "minecraft:physics": {
        "has_gravity": true,
        "has_collision": true
      },
      "minecraft:pushable": {
        "is_pushable": false,
        "is_pushable_by_piston": true
      },
      "minecraft:hurt_on_condition": {
        "damage_conditions": [
          {
            "filters": {
              "test": "in_lava",
              "subject": "self",
              "operator": "==",
              "value": true
            },
            "cause": "lava",
            "damage_per_tick": 4
          }
        ]
      },
      "minecraft:damage_sensor": {
        "triggers": [
          {
            "deals_damage": false,
            "on_damage": {
              "filters": {
                "none_of": [
                  {
                    "test": "has_damage",
                    "value": "lava"
                  },
                  {
                    "test": "has_damage",
                    "value": "void"
                  }
                ]
              }
            }
          }
        ]
      },
      "minecraft:environment_sensor": {
        "triggers": [
          {
            "filters": {
              "all_of": [
                {
                  "test": "actor_health",
                  "operator": "<=",
                  "value": 1
                },
                {
                  "test": "in_lava",
                  "subject": "self"
                }
              ]
            },
            "event": "true:despawn",
            "target": "self"
          }
        ]
      },
      "minecraft:interact": {
        "interactions": [
          {
            "interact_text": "true.backpack.apply_upgrade",
            "on_interact": {
              "filters": {
                "all_of": [
                  {
                    "any_of": [
                      {
                        "test": "has_equipment",
                        "subject": "other",
                        "domain": "hand",
                        "value": "true:magnet_item"
                      },
                      {
                        "test": "has_equipment",
                        "subject": "other",
                        "domain": "hand",
                        "value": "true:sarcophagus_item"
                      },
                      {
                        "test": "has_equipment",
                        "subject": "other",
                        "domain": "hand",
                        "value": "true:pocket_item"
                      },
                      {
                        "test": "has_equipment",
                        "subject": "other",
                        "domain": "hand",
                        "value": "true:iron_pocket_item"
                      },
                      {
                        "test": "has_equipment",
                        "subject": "other",
                        "domain": "hand",
                        "value": "true:gold_pocket_item"
                      },
                      {
                        "test": "has_equipment",
                        "subject": "other",
                        "domain": "hand",
                        "value": "true:diamond_pocket_item"
                      },
                      {
                        "test": "has_equipment",
                        "subject": "other",
                        "domain": "hand",
                        "value": "true:netherite_pocket_item"
                      }
                    ]
                  },
                  {
                    "test": "is_sneaking",
                    "subject": "other",
                    "operator": "=="
                  }
                ]
              }
            },
            "swing": true
          },
          {
            "interact_text": "true.backpack.open_upgrades_menu",
            "on_interact": {
              "filters": {
                "all_of": [
                  {
                    "test": "is_sneaking",
                    "subject": "other",
                    "operator": "=="
                  },
                  {
                    "test": "is_owner",
                    "subject": "other"
                  }
                ]
              }
            },
            "swing": true
          },
          {
            "on_interact": {
              "filters": {
                "test": "has_equipment",
                "subject": "other",
                "domain": "hand",
                "value": "minecraft:leather"
              },
              "event": "default_backpack"
            },
            "swing": true,
            "use_item": true,
            "play_sounds": "bucket.empty.fish"
          },
          {
            "on_interact": {
              "filters": {
                "test": "has_equipment",
                "subject": "other",
                "domain": "hand",
                "value": "minecraft:red_dye"
              },
              "event": "red_backpack"
            },
            "swing": true,
            "use_item": true,
            "play_sounds": "bucket.empty.fish"
          },
          {
            "on_interact": {
              "filters": {
                "test": "has_equipment",
                "subject": "other",
                "domain": "hand",
                "value": "yellow_dye"
              },
              "event": "yellow_backpack"
            },
            "swing": true,
            "use_item": true,
            "play_sounds": "bucket.empty.fish"
          },
          {
            "on_interact": {
              "filters": {
                "test": "has_equipment",
                "subject": "other",
                "domain": "hand",
                "value": "minecraft:green_dye"
              },
              "event": "green_backpack"
            },
            "swing": true,
            "use_item": true,
            "play_sounds": "bucket.empty.fish"
          },
          {
            "on_interact": {
              "filters": {
                "test": "has_equipment",
                "subject": "other",
                "domain": "hand",
                "value": "minecraft:black_dye"
              },
              "event": "black_backpack"
            },
            "swing": true,
            "use_item": true,
            "play_sounds": "bucket.empty.fish"
          },
          {
            "on_interact": {
              "filters": {
                "test": "has_equipment",
                "subject": "other",
                "domain": "hand",
                "value": "minecraft:blue_dye"
              },
              "event": "blue_backpack"
            },
            "swing": true,
            "use_item": true,
            "play_sounds": "bucket.empty.fish"
          },
          {
            "on_interact": {
              "filters": {
                "test": "has_equipment",
                "subject": "other",
                "domain": "hand",
                "value": "minecraft:brown_dye"
              },
              "event": "brown_backpack"
            },
            "swing": true,
            "use_item": true,
            "play_sounds": "bucket.empty.fish"
          },
          {
            "on_interact": {
              "filters": {
                "test": "has_equipment",
                "subject": "other",
                "domain": "hand",
                "value": "minecraft:purple_dye"
              },
              "event": "purple_backpack"
            },
            "swing": true,
            "use_item": true,
            "play_sounds": "bucket.empty.fish"
          },
          {
            "on_interact": {
              "filters": {
                "test": "has_equipment",
                "subject": "other",
                "domain": "hand",
                "value": "minecraft:pink_dye"
              },
              "event": "pink_backpack"
            },
            "swing": true,
            "use_item": true,
            "play_sounds": "bucket.empty.fish"
          },
          {
            "on_interact": {
              "filters": {
                "test": "has_equipment",
                "subject": "other",
                "domain": "hand",
                "value": "minecraft:orange_dye"
              },
              "event": "orange_backpack"
            },
            "swing": true,
            "use_item": true,
            "play_sounds": "bucket.empty.fish"
          },
          {
            "on_interact": {
              "filters": {
                "test": "has_equipment",
                "subject": "other",
                "domain": "hand",
                "value": "minecraft:cyan_dye"
              },
              "event": "cyan_backpack"
            },
            "swing": true,
            "use_item": true,
            "play_sounds": "bucket.empty.fish"
          },
          {
            "on_interact": {
              "filters": {
                "test": "has_equipment",
                "subject": "other",
                "domain": "hand",
                "value": "minecraft:white_dye"
              },
              "event": "white_backpack"
            },
            "swing": true,
            "use_item": true,
            "play_sounds": "bucket.empty.fish"
          },
          {
            "on_interact": {
              "filters": {
                "test": "has_equipment",
                "subject": "other",
                "domain": "hand",
                "value": "minecraft:light_gray_dye"
              },
              "event": "light_gray_backpack"
            },
            "swing": true,
            "use_item": true,
            "play_sounds": "bucket.empty.fish"
          },
          {
            "on_interact": {
              "filters": {
                "test": "has_equipment",
                "subject": "other",
                "domain": "hand",
                "value": "minecraft:gray_dye"
              },
              "event": "gray_backpack"
            },
            "swing": true,
            "use_item": true,
            "play_sounds": "bucket.empty.fish"
          },
          {
            "on_interact": {
              "filters": {
                "test": "has_equipment",
                "subject": "other",
                "domain": "hand",
                "value": "minecraft:lime_dye"
              },
              "event": "lime_backpack"
            },
            "swing": true,
            "use_item": true,
            "play_sounds": "bucket.empty.fish"
          },
          {
            "on_interact": {
              "filters": {
                "test": "has_equipment",
                "subject": "other",
                "domain": "hand",
                "value": "minecraft:light_blue_dye"
              },
              "event": "light_blue_backpack"
            },
            "swing": true,
            "use_item": true,
            "play_sounds": "bucket.empty.fish"
          },
          {
            "on_interact": {
              "filters": {
                "test": "has_equipment",
                "subject": "other",
                "domain": "hand",
                "value": "minecraft:magenta_dye"
              },
              "event": "magenta_backpack"
            },
            "swing": true,
            "use_item": true,
            "play_sounds": "bucket.empty.fish"
          },
          {
            "on_interact": {
              "filters": {
                "test": "has_equipment",
                "subject": "other",
                "domain": "hand",
                "value": "minecraft:pink_wool"
              },
              "event": "axolotl_backpack"
            },
            "swing": true,
            "use_item": true,
            "play_sounds": "bucket.empty.fish"
          },
          {
            "on_interact": {
              "filters": {
                "test": "has_equipment",
                "subject": "other",
                "domain": "hand",
                "value": "minecraft:brown_wool"
              },
              "event": "capybara_backpack"
            },
            "swing": true,
            "use_item": true,
            "play_sounds": "bucket.empty.fish"
          },
          {
            "on_interact": {
              "filters": {
                "test": "has_equipment",
                "subject": "other",
                "domain": "hand",
                "value": "minecraft:carved_pumpkin"
              },
              "event": "pumpkin_backpack"
            },
            "swing": true,
            "use_item": true,
            "play_sounds": "bucket.empty.fish"
          },
          {
            "on_interact": {
              "filters": {
                "test": "has_equipment",
                "subject": "other",
                "domain": "hand",
                "value": "minecraft:black_wool"
              },
              "event": "luxury_backpack"
            },
            "swing": true,
            "use_item": true,
            "play_sounds": "bucket.empty.fish"
          },
          {
            "on_interact": {
              "filters": {
                "test": "has_equipment",
                "subject": "other",
                "domain": "hand",
                "value": "minecraft:light_gray_wool"
              },
              "event": "cat_backpack"
            },
            "swing": true,
            "use_item": true,
            "play_sounds": "bucket.empty.fish"
          },
          {
            "on_interact": {
              "filters": {
                "test": "has_equipment",
                "subject": "other",
                "domain": "hand",
                "value": "minecraft:gray_wool"
              },
              "event": "catblack_backpack"
            },
            "swing": true,
            "use_item": true,
            "play_sounds": "bucket.empty.fish"
          },
          {
            "on_interact": {
              "filters": {
                "test": "has_equipment",
                "subject": "other",
                "domain": "hand",
                "value": "minecraft:orange_wool"
              },
              "event": "catorange_backpack"
            },
            "swing": true,
            "use_item": true,
            "play_sounds": "bucket.empty.fish"
          },
          {
            "on_interact": {
              "filters": {
                "test": "has_equipment",
                "subject": "other",
                "domain": "hand",
                "value": "minecraft:white_wool"
              },
              "event": "catwhite_backpack"
            },
            "swing": true,
            "use_item": true,
            "play_sounds": "bucket.empty.fish"
          },
          {
            "on_interact": {
              "filters": {
                "test": "has_equipment",
                "subject": "other",
                "domain": "hand",
                "value": "minecraft:brown_wool"
              },
              "event": "catsiamese_backpack"
            },
            "swing": true,
            "use_item": true,
            "play_sounds": "bucket.empty.fish"
          }
        ]
      }
    },
    "events": {
      "minecraft:entity_spawned": {
        "add": {
          "component_groups": [
            "default"
          ]
        }
      },
      "true:despawn": {
        "add": {
          "component_groups": [
            "despawn"
          ]
        }
      },
      "upgrade:magnet": {
        "add": {
          "component_groups": [
            "upgrade:magnet"
          ]
        }
      },
      "upgrade:leather_pocket": {
        "add": {
          "component_groups": [
            "upgrade:pocket:tier_1"
          ]
        }
      },
      "upgrade:iron_pocket": {
        "add": {
          "component_groups": [
            "upgrade:pocket:tier_2"
          ]
        }
      },
      "upgrade:gold_pocket": {
        "add": {
          "component_groups": [
            "upgrade:pocket:tier_3"
          ]
        }
      },
      "upgrade:diamond_pocket": {
        "add": {
          "component_groups": [
            "upgrade:pocket:tier_4"
          ]
        }
      },
      "upgrade:netherite_pocket": {
        "add": {
          "component_groups": [
            "upgrade:pocket:tier_5"
          ]
        }
      },
      "default_backpack": {
        "add": {
          "component_groups": [
            "default"
          ]
        }
      },
      "red_backpack": {
        "add": {
          "component_groups": [
            "red"
          ]
        }
      },
      "yellow_backpack": {
        "add": {
          "component_groups": [
            "yellow"
          ]
        }
      },
      "green_backpack": {
        "add": {
          "component_groups": [
            "green"
          ]
        }
      },
      "black_backpack": {
        "add": {
          "component_groups": [
            "black"
          ]
        }
      },
      "blue_backpack": {
        "add": {
          "component_groups": [
            "blue"
          ]
        }
      },
      "brown_backpack": {
        "add": {
          "component_groups": [
            "brown"
          ]
        }
      },
      "purple_backpack": {
        "add": {
          "component_groups": [
            "purple"
          ]
        }
      },
      "pink_backpack": {
        "add": {
          "component_groups": [
            "pink"
          ]
        }
      },
      "orange_backpack": {
        "add": {
          "component_groups": [
            "orange"
          ]
        }
      },
      "cyan_backpack": {
        "add": {
          "component_groups": [
            "cyan"
          ]
        }
      },
      "white_backpack": {
        "add": {
          "component_groups": [
            "white"
          ]
        }
      },
      "light_gray_backpack": {
        "add": {
          "component_groups": [
            "light_gray"
          ]
        }
      },
      "gray_backpack": {
        "add": {
          "component_groups": [
            "gray"
          ]
        }
      },
      "lime_backpack": {
        "add": {
          "component_groups": [
            "lime"
          ]
        }
      },
      "light_blue_backpack": {
        "add": {
          "component_groups": [
            "light_blue"
          ]
        }
      },
      "magenta_backpack": {
        "add": {
          "component_groups": [
            "magenta"
          ]
        }
      },
      "axolotl_backpack": {
        "add": {
          "component_groups": [
            "axolotl"
          ]
        }
      },
      "capybara_backpack": {
        "add": {
          "component_groups": [
            "capybara"
          ]
        }
      },
      "luxury_backpack": {
        "add": {
          "component_groups": [
            "luxury"
          ]
        }
      },
      "pumpkin_backpack": {
        "add": {
          "component_groups": [
            "pumpkin"
          ]
        }
      },
      "cat_backpack": {
        "add": {
          "component_groups": [
            "cat"
          ]
        }
      },
      "catblack_backpack": {
        "add": {
          "component_groups": [
            "catblack"
          ]
        }
      },
      "catorange_backpack": {
        "add": {
          "component_groups": [
            "catorange"
          ]
        }
      },
      "catwhite_backpack": {
        "add": {
          "component_groups": [
            "catwhite"
          ]
        }
      },
      "catsiamese_backpack": {
        "add": {
          "component_groups": [
            "catsiamese"
          ]
        }
      },
      "base_panda_backpack": {
        "randomize": [
          {
            "weight": 10,
            "trigger": {
              "event": "panda_backpack"
            }
          },
          {
            "weight": 10,
            "trigger": {
              "event": "panda_lazy_backpack"
            }
          },
          {
            "weight": 10,
            "trigger": {
              "event": "panda_worried_backpack"
            }
          },
          {
            "weight": 10,
            "trigger": {
              "event": "panda_playful_backpack"
            }
          },
          {
            "weight": 10,
            "trigger": {
              "event": "panda_brown_backpack"
            }
          },
          {
            "weight": 10,
            "trigger": {
              "event": "panda_weak_backpack"
            }
          },
          {
            "weight": 10,
            "trigger": {
              "event": "panda_aggressive_backpack"
            }
          }
        ]
      },
      "panda_backpack": {
        "add": {
          "component_groups": [ "panda_aggressive" ]
        }
      },
      "panda_aggressive_backpack": {
        "add": {
          "component_groups": [ "panda_aggressive" ]
        }
      },
      "panda_brown_backpack": {
        "add": {
          "component_groups": [ "panda_brown" ]
        }
      },
      "panda_lazy_backpack": {
        "add": {
          "component_groups": [ "panda_lazy" ]
        }
      },
      "panda_playful_backpack": {
        "add": {
          "component_groups": [ "panda_playful" ]
        }
      },
      "panda_weak_backpack": {
        "add": {
          "component_groups": [ "panda_weak" ]
        }
      },
      "panda_worried_backpack": {
        "add": {
          "component_groups": [ "panda_worried" ]
        }
      },
      "break": {
        "queue_command": {
          "command": [
            "kill @s"
          ]
        }
      },
      "reset": {
        "remove": {
          "component_groups": [
            "default",
            "black",
            "blue",
            "brown",
            "cyan",
            "gray",
            "green",
            "light_blue",
            "light_gray",
            "lime",
            "magenta",
            "orange",
            "pink",
            "purple",
            "red",
            "white",
            "yellow"
          ]
        }
      }
    }
  }
}