{
  "format_version": "1.10.0",
  "minecraft:client_entity": {
    "description": {
      "identifier": "minecraft:player",
      "materials": {
        "default": "entity_alphatest",
        "cape": "entity_alphatest",
        "animated": "player_animated",
        "spectator": "player_spectator"
      },
      "min_engine_version": "1.8.0",
      "textures": {
        "default": "textures/entity/steve",
        "cape": "textures/entity/cape_invisible",

        "netherite_upgrade_backpack":"textures/entity/true_backpack/netherite_upgrade",

        "backpack_default":"textures/entity/true_backpack/backpack",
        "backpack_black": "textures/entity/true_backpack/black_backpack",
        "backpack_blue": "textures/entity/true_backpack/blue_backpack",
        "backpack_brown": "textures/entity/true_backpack/brown_backpack",
        "backpack_cyan": "textures/entity/true_backpack/cyan_backpack",
        "backpack_gray": "textures/entity/true_backpack/gray_backpack",
        "backpack_green": "textures/entity/true_backpack/green_backpack",
        "backpack_light_blue": "textures/entity/true_backpack/light_blue_backpack",
        "backpack_light_gray": "textures/entity/true_backpack/light_gray_backpack",
        "backpack_lime": "textures/entity/true_backpack/lime_backpack",
        "backpack_magenta": "textures/entity/true_backpack/magenta_backpack",
        "backpack_orange": "textures/entity/true_backpack/orange_backpack",
        "backpack_pink": "textures/entity/true_backpack/pink_backpack",
        "backpack_purple": "textures/entity/true_backpack/purple_backpack",
        "backpack_red": "textures/entity/true_backpack/red_backpack",
        "backpack_white": "textures/entity/true_backpack/white_backpack",
        "backpack_yellow": "textures/entity/true_backpack/yellow_backpack",

        "backpack_axolotl": "textures/entity/true_backpack/axolotl_backpack",
        "backpack_capybara": "textures/entity/true_backpack/capybara_backpack",
        "backpack_cat": "textures/entity/true_backpack/cat_backpack",
        "backpack_luxury": "textures/entity/true_backpack/luxury_backpack",
        "backpack_pumpkin": "textures/entity/true_backpack/pumpkin_backpack",
        "backpack_cat1": "textures/entity/true_backpack/cat1_backpack",
        "backpack_cat2": "textures/entity/true_backpack/cat2_backpack",
        "backpack_cat3": "textures/entity/true_backpack/cat3_backpack",
        "backpack_cat4": "textures/entity/true_backpack/cat4_backpack",

        "panda_backpack": "textures/entity/true_backpack/panda/panda",
        "panda_aggressive_backpack": "textures/entity/true_backpack/panda/panda_aggressive",
        "panda_brown_backpack": "textures/entity/true_backpack/panda/panda_brown",
        "panda_lazy_backpack": "textures/entity/true_backpack/panda/panda_lazy",
        "panda_playful_backpack": "textures/entity/true_backpack/panda/panda_playful",
        "panda_sneezy_backpack": "textures/entity/true_backpack/panda/panda_sneezy",
        "panda_worried_backpack": "textures/entity/true_backpack/panda/panda_worried"
      },
      "geometry": {
        "default": "geometry.humanoid.custom",
        "cape": "geometry.cape",

        "true_backpack":"geometry.true_bp.backpack.player",
        "true_backpack.netherite_upgrade":"geometry.true_bp.backpack_netherite_upgrade.player",

        "backpack_axolotl":"geometry.true_bp.axolotl_backpack.player",
        "backpack_capybara":"geometry.true_bp.capybara_backpack.player",
        "backpack_cat":"geometry.true_bp.cat_backpack.player",
        "backpack_luxury":"geometry.true_bp.luxury_backpack.player",
        "backpack_pumpkin":"geometry.true_bp.pumpkin_backpack.player",

        "backpack_panda":"geometry.true_bp.panda_backpack.player"
      },
      "scripts": {
        "scale": "0.9375",
        "initialize": [
          "variable.is_holding_right = 0.0;",
          "variable.is_blinking = 0.0;",
          "variable.last_blink_time = 0.0;",
          "variable.hand_bob = 0.0;"
        ],
        "pre_animation": [
          "variable.helmet_layer_visible = !query.has_head_gear;",
          "variable.leg_layer_visible = 1.0;",
          "variable.boot_layer_visible = 1.0;",
          "variable.chest_layer_visible = 1.0;",
          "variable.attack_body_rot_y = Math.sin(360*Math.sqrt(variable.attack_time)) * 5.0;",
          "variable.tcos0 = (math.cos(query.modified_distance_moved * 38.17) * query.modified_move_speed / variable.gliding_speed_value) * 57.3;",
          "variable.first_person_rotation_factor = math.sin((1 - variable.attack_time) * 180.0);",
          "variable.hand_bob = query.life_time < 0.01 ? 0.0 : variable.hand_bob + ((query.is_on_ground && query.is_alive ? math.clamp(math.sqrt(math.pow(query.position_delta(0), 2.0) + math.pow(query.position_delta(2), 2.0)), 0.0, 0.1) : 0.0) - variable.hand_bob) * 0.02;",
          "variable.map_angle = math.clamp(1 - variable.player_x_rotation / 45.1, 0.0, 1.0);",
          "variable.item_use_normalized = query.main_hand_item_use_duration / query.main_hand_item_max_duration;"
        ],
        "animate": [
          "root"
        ]
      },
      "animations": {
        "root": "controller.animation.player.root",
        "base_controller": "controller.animation.player.base",
        "hudplayer": "controller.animation.player.hudplayer",
        "humanoid_base_pose": "animation.humanoid.base_pose",
        "look_at_target": "controller.animation.humanoid.look_at_target",
        "look_at_target_ui": "animation.player.look_at_target.ui",
        "look_at_target_default": "animation.humanoid.look_at_target.default",
        "look_at_target_gliding": "animation.humanoid.look_at_target.gliding",
        "look_at_target_swimming": "animation.humanoid.look_at_target.swimming",
        "look_at_target_inverted": "animation.player.look_at_target.inverted",
        "cape": "animation.player.cape",
        "move.arms": "animation.player.move.arms",
        "move.legs": "animation.player.move.legs",
        "swimming": "animation.player.swim",
        "swimming.legs": "animation.player.swim.legs",
        "riding.arms": "animation.player.riding.arms",
        "riding.legs": "animation.player.riding.legs",
        "holding": "animation.player.holding",
        "brandish_spear": "animation.humanoid.brandish_spear",
        "charging": "animation.humanoid.charging",
        "attack.positions": "animation.player.attack.positions",
        "attack.rotations": "animation.player.attack.rotations",
        "sneaking": "animation.player.sneaking",
        "bob": "animation.player.bob",
        "damage_nearby_mobs": "animation.humanoid.damage_nearby_mobs",
        "bow_and_arrow": "animation.humanoid.bow_and_arrow",
        "use_item_progress": "animation.humanoid.use_item_progress",
        "skeleton_attack": "animation.skeleton.attack",
        "sleeping": "animation.player.sleeping",
        "first_person_base_pose": "animation.player.first_person.base_pose",
        "first_person_empty_hand": "animation.player.first_person.empty_hand",
        "first_person_swap_item": "animation.player.first_person.swap_item",
        "first_person_attack_controller": "controller.animation.player.first_person_attack",
        "first_person_attack_rotation": "animation.player.first_person.attack_rotation",
        "first_person_attack_rotation_item": "animation.player.first_person.attack_rotation_item",
        "first_person_vr_attack_rotation": "animation.player.first_person.vr_attack_rotation",
        "first_person_walk": "animation.player.first_person.walk",
        "first_person_map_controller": "controller.animation.player.first_person_map",
        "first_person_map_hold": "animation.player.first_person.map_hold",
        "first_person_map_hold_attack": "animation.player.first_person.map_hold_attack",
        "first_person_map_hold_off_hand": "animation.player.first_person.map_hold_off_hand",
        "first_person_map_hold_main_hand": "animation.player.first_person.map_hold_main_hand",
        "first_person_crossbow_equipped": "animation.player.first_person.crossbow_equipped",
        "first_person_crossbow_hold": "animation.player.first_person.crossbow_hold",
        "first_person_breathing_bob": "animation.player.first_person.breathing_bob",
        "third_person_crossbow_equipped": "animation.player.crossbow_equipped",
        "third_person_bow_equipped": "animation.player.bow_equipped",
        "crossbow_hold": "animation.player.crossbow_hold",
        "crossbow_controller": "controller.animation.player.crossbow",
        "shield_block_main_hand": "animation.player.shield_block_main_hand",
        "shield_block_off_hand": "animation.player.shield_block_off_hand",
        "blink": "controller.animation.persona.blink",
        "fishing_rod": "animation.humanoid.fishing_rod",
        "holding_spyglass": "animation.humanoid.holding_spyglass",
        "first_person_shield_block": "animation.player.first_person.shield_block",
        "tooting_goat_horn": "animation.humanoid.tooting_goat_horn",
        "holding_brush": "animation.humanoid.holding_brush",
        "brushing": "animation.humanoid.brushing",
        "crawling": "animation.player.crawl",
        "crawling.legs": "animation.player.crawl.legs",
        "holding_heavy_core": "animation.player.holding_heavy_core"
      },
      "render_controllers": [
        {
          "controller.render.player.first_person_spectator": "variable.is_first_person && query.is_spectator"
        },
        {
          "controller.render.player.third_person_spectator": "!variable.is_first_person && !variable.map_face_icon && query.is_spectator"
        },
        {
          "controller.render.player.first_person": "variable.is_first_person && !query.is_spectator"
        },
        {
          "controller.render.player.third_person": "!variable.is_first_person && !variable.map_face_icon && !query.is_spectator"
        },
        {
          "controller.render.player.map": "variable.map_face_icon"
        },
                { "controller.render.true_bp.backpack": "t.val = 0; t.i = 0; loop(27, { t.val = !variable.is_paperdoll && q.is_item_name_any('slot.inventory', t.i, 'true:backpack_item') && !variable.is_first_person; t.val ? {return t.val;}; t.i = t.i+1; });"},
        { "controller.render.true_bp.black_backpack": "t.val = 0; t.i = 0; loop(27, { t.val = !variable.is_paperdoll && q.is_item_name_any('slot.inventory', t.i, 'true:backpack_black_item') && !variable.is_first_person; t.val ? {return t.val;}; t.i = t.i+1; });"},
        { "controller.render.true_bp.blue_backpack": "t.val = 0; t.i = 0; loop(27, { t.val = !variable.is_paperdoll && q.is_item_name_any('slot.inventory', t.i, 'true:backpack_blue_item') && !variable.is_first_person; t.val ? {return t.val;}; t.i = t.i+1; });"},
        { "controller.render.true_bp.brown_backpack": "t.val = 0; t.i = 0; loop(27, { t.val = !variable.is_paperdoll && q.is_item_name_any('slot.inventory', t.i, 'true:backpack_brown_item') && !variable.is_first_person; t.val ? {return t.val;}; t.i = t.i+1; });"},
        { "controller.render.true_bp.cyan_backpack": "t.val = 0; t.i = 0; loop(27, { t.val = !variable.is_paperdoll && q.is_item_name_any('slot.inventory', t.i, 'true:backpack_cyan_item') && !variable.is_first_person; t.val ? {return t.val;}; t.i = t.i+1; });"},
        { "controller.render.true_bp.gray_backpack": "t.val = 0; t.i = 0; loop(27, { t.val = !variable.is_paperdoll && q.is_item_name_any('slot.inventory', t.i, 'true:backpack_gray_item') && !variable.is_first_person; t.val ? {return t.val;}; t.i = t.i+1; });"},
        { "controller.render.true_bp.green_backpack": "t.val = 0; t.i = 0; loop(27, { t.val = !variable.is_paperdoll && q.is_item_name_any('slot.inventory', t.i, 'true:backpack_green_item') && !variable.is_first_person; t.val ? {return t.val;}; t.i = t.i+1; });"},
        { "controller.render.true_bp.light_blue_backpack": "t.val = 0; t.i = 0; loop(27, { t.val = !variable.is_paperdoll && q.is_item_name_any('slot.inventory', t.i, 'true:backpack_light_blue_item') && !variable.is_first_person; t.val ? {return t.val;}; t.i = t.i+1; });"},
        { "controller.render.true_bp.light_gray_backpack": "t.val = 0; t.i = 0; loop(27, { t.val = !variable.is_paperdoll && q.is_item_name_any('slot.inventory', t.i, 'true:backpack_light_gray_item') && !variable.is_first_person; t.val ? {return t.val;}; t.i = t.i+1; });"},
        { "controller.render.true_bp.lime_backpack": "t.val = 0; t.i = 0; loop(27, { t.val = !variable.is_paperdoll && q.is_item_name_any('slot.inventory', t.i, 'true:backpack_lime_item') && !variable.is_first_person; t.val ? {return t.val;}; t.i = t.i+1; });"},
        { "controller.render.true_bp.magenta_backpack": "t.val = 0; t.i = 0; loop(27, { t.val = !variable.is_paperdoll && q.is_item_name_any('slot.inventory', t.i, 'true:backpack_magenta_item') && !variable.is_first_person; t.val ? {return t.val;}; t.i = t.i+1; });"},
        { "controller.render.true_bp.orange_backpack": "t.val = 0; t.i = 0; loop(27, { t.val = !variable.is_paperdoll && q.is_item_name_any('slot.inventory', t.i, 'true:backpack_orange_item') && !variable.is_first_person; t.val ? {return t.val;}; t.i = t.i+1; });"},
        { "controller.render.true_bp.pink_backpack": "t.val = 0; t.i = 0; loop(27, { t.val = !variable.is_paperdoll && q.is_item_name_any('slot.inventory', t.i, 'true:backpack_pink_item') && !variable.is_first_person; t.val ? {return t.val;}; t.i = t.i+1; });"},
        { "controller.render.true_bp.purple_backpack": "t.val = 0; t.i = 0; loop(27, { t.val = !variable.is_paperdoll && q.is_item_name_any('slot.inventory', t.i, 'true:backpack_purple_item') && !variable.is_first_person; t.val ? {return t.val;}; t.i = t.i+1; });"},
        { "controller.render.true_bp.red_backpack": "t.val = 0; t.i = 0; loop(27, { t.val = !variable.is_paperdoll && q.is_item_name_any('slot.inventory', t.i, 'true:backpack_red_item') && !variable.is_first_person; t.val ? {return t.val;}; t.i = t.i+1; });"},
        { "controller.render.true_bp.white_backpack": "t.val = 0; t.i = 0; loop(27, { t.val = !variable.is_paperdoll && q.is_item_name_any('slot.inventory', t.i, 'true:backpack_white_item') && !variable.is_first_person; t.val ? {return t.val;}; t.i = t.i+1; });"},
        { "controller.render.true_bp.yellow_backpack": "t.val = 0; t.i = 0; loop(27, { t.val = !variable.is_paperdoll && q.is_item_name_any('slot.inventory', t.i, 'true:backpack_yellow_item') && !variable.is_first_person; t.val ? {return t.val;}; t.i = t.i+1; });"},

        { "controller.render.true_bp.axolotl_backpack.player": "t.val = 0; t.i = 0; loop(27, { t.val = !variable.is_paperdoll && q.is_item_name_any('slot.inventory', t.i, 'true:backpack_axolotl_item') && !variable.is_first_person; t.val ? {return t.val;}; t.i = t.i+1; });"},
        { "controller.render.true_bp.capybara_backpack.player": "t.val = 0; t.i = 0; loop(27, { t.val = !variable.is_paperdoll && q.is_item_name_any('slot.inventory', t.i, 'true:backpack_capybara_item') && !variable.is_first_person; t.val ? {return t.val;}; t.i = t.i+1; });"},
        { "controller.render.true_bp.cat_backpack.player": "t.val = 0; t.i = 0; loop(27, { t.val = !variable.is_paperdoll && q.is_item_name_any('slot.inventory', t.i, 'true:backpack_cat_item') && !variable.is_first_person; t.val ? {return t.val;}; t.i = t.i+1; });"},
        { "controller.render.true_bp.luxury_backpack.player": "t.val = 0; t.i = 0; loop(27, { t.val = !variable.is_paperdoll && q.is_item_name_any('slot.inventory', t.i, 'true:backpack_luxury_item') && !variable.is_first_person; t.val ? {return t.val;}; t.i = t.i+1; });"},
        { "controller.render.true_bp.pumpkin_backpack.player": "t.val = 0; t.i = 0; loop(27, { t.val = !variable.is_paperdoll && q.is_item_name_any('slot.inventory', t.i, 'true:backpack_pumpkin_item') && !variable.is_first_person; t.val ? {return t.val;}; t.i = t.i+1; });"},

        { "controller.render.true_bp.cat1_backpack.player": "t.val = 0; t.i = 0; loop(27, { t.val = !variable.is_paperdoll && q.is_item_name_any('slot.inventory', t.i, 'true:backpack_catblack_item') && !variable.is_first_person; t.val ? {return t.val;}; t.i = t.i+1; });"},
        { "controller.render.true_bp.cat2_backpack.player": "t.val = 0; t.i = 0; loop(27, { t.val = !variable.is_paperdoll && q.is_item_name_any('slot.inventory', t.i, 'true:backpack_catorange_item') && !variable.is_first_person; t.val ? {return t.val;}; t.i = t.i+1; });"},
        { "controller.render.true_bp.cat3_backpack.player": "t.val = 0; t.i = 0; loop(27, { t.val = !variable.is_paperdoll && q.is_item_name_any('slot.inventory', t.i, 'true:backpack_catwhite_item') && !variable.is_first_person; t.val ? {return t.val;}; t.i = t.i+1; });"},
        { "controller.render.true_bp.cat4_backpack.player": "t.val = 0; t.i = 0; loop(27, { t.val = !variable.is_paperdoll && q.is_item_name_any('slot.inventory', t.i, 'true:backpack_catsiamese_item') && !variable.is_first_person; t.val ? {return t.val;}; t.i = t.i+1; });"},

        { "controller.render.true_bp.panda_backpack.player": "t.val = 0; t.i = 0; loop(27, { t.val = !variable.is_paperdoll && q.is_item_name_any('slot.inventory', t.i, 'true:backpack_panda_item') && !variable.is_first_person; t.val ? {return t.val;}; t.i = t.i+1; });"},
        { "controller.render.true_bp.panda_aggressive_backpack.player": "t.val = 0; t.i = 0; loop(27, { t.val = !variable.is_paperdoll && q.is_item_name_any('slot.inventory', t.i, 'true:backpack_panda_aggressive_item') && !variable.is_first_person; t.val ? {return t.val;}; t.i = t.i+1; });"},
        { "controller.render.true_bp.panda_brown_backpack.player": "t.val = 0; t.i = 0; loop(27, { t.val = !variable.is_paperdoll && q.is_item_name_any('slot.inventory', t.i, 'true:backpack_panda_brown_item') && !variable.is_first_person; t.val ? {return t.val;}; t.i = t.i+1; });"},
        { "controller.render.true_bp.panda_lazy_backpack.player": "t.val = 0; t.i = 0; loop(27, { t.val = !variable.is_paperdoll && q.is_item_name_any('slot.inventory', t.i, 'true:backpack_panda_lazy_item') && !variable.is_first_person; t.val ? {return t.val;}; t.i = t.i+1; });"},
        { "controller.render.true_bp.panda_playful_backpack.player": "t.val = 0; t.i = 0; loop(27, { t.val = !variable.is_paperdoll && q.is_item_name_any('slot.inventory', t.i, 'true:backpack_panda_playful_item') && !variable.is_first_person; t.val ? {return t.val;}; t.i = t.i+1; });"},
        { "controller.render.true_bp.panda_sneezy_backpack.player": "t.val = 0; t.i = 0; loop(27, { t.val = !variable.is_paperdoll && q.is_item_name_any('slot.inventory', t.i, 'true:backpack_panda_weak_item') && !variable.is_first_person; t.val ? {return t.val;}; t.i = t.i+1; });"},
        { "controller.render.true_bp.panda_worried_backpack.player": "t.val = 0; t.i = 0; loop(27, { t.val = !variable.is_paperdoll && q.is_item_name_any('slot.inventory', t.i, 'true:backpack_panda_worried_item') && !variable.is_first_person; t.val ? {return t.val;}; t.i = t.i+1; });"}
      ],
      "enable_attachables": true
    }
  }
}