{
  "format_version": "1.10.0",
  "minecraft:client_entity": {
    "description": {
      "identifier": "true:backpack",
      "enable_attachables": true,
      "materials": {
        "default": "villager_v2"
      },
      "textures": {
        "default": "textures/entity/true_backpack/backpack",
        "black": "textures/entity/true_backpack/black_backpack",
        "blue": "textures/entity/true_backpack/blue_backpack",
        "brown": "textures/entity/true_backpack/brown_backpack",
        "cyan": "textures/entity/true_backpack/cyan_backpack",
        "gray": "textures/entity/true_backpack/gray_backpack",
        "green": "textures/entity/true_backpack/green_backpack",
        "light_blue": "textures/entity/true_backpack/light_blue_backpack",
        "light_gray": "textures/entity/true_backpack/light_gray_backpack",
        "lime": "textures/entity/true_backpack/lime_backpack",
        "magenta": "textures/entity/true_backpack/magenta_backpack",
        "orange": "textures/entity/true_backpack/orange_backpack",
        "pink": "textures/entity/true_backpack/pink_backpack",
        "purple": "textures/entity/true_backpack/purple_backpack",
        "red": "textures/entity/true_backpack/red_backpack",
        "white": "textures/entity/true_backpack/white_backpack",
        "yellow": "textures/entity/true_backpack/yellow_backpack",
        "axolotl_backpack": "textures/entity/true_backpack/axolotl_backpack",
        "capybara_backpack": "textures/entity/true_backpack/capybara_backpack",
        "cat_backpack": "textures/entity/true_backpack/cat_backpack",
        "luxury_backpack": "textures/entity/true_backpack/luxury_backpack",
        "pumpkin_backpack": "textures/entity/true_backpack/pumpkin_backpack",
        "cat1_backpack": "textures/entity/true_backpack/cat1_backpack",
        "cat2_backpack": "textures/entity/true_backpack/cat2_backpack",
        "cat3_backpack": "textures/entity/true_backpack/cat3_backpack",
        "cat4_backpack": "textures/entity/true_backpack/cat4_backpack",
        "panda_backpack": "textures/entity/true_backpack/panda/panda",
        "panda_aggressive_backpack": "textures/entity/true_backpack/panda/panda_aggressive",
        "panda_brown_backpack": "textures/entity/true_backpack/panda/panda_brown",
        "panda_lazy_backpack": "textures/entity/true_backpack/panda/panda_lazy",
        "panda_playful_backpack": "textures/entity/true_backpack/panda/panda_playful",
        "panda_sneezy_backpack": "textures/entity/true_backpack/panda/panda_sneezy",
        "panda_worried_backpack": "textures/entity/true_backpack/panda/panda_worried",
        "none": "textures/entity/true/none",
        "void": "textures/entity/true/void"
      },
      "geometry": {
        "default": "geometry.true_bp.backpack",
        "back": "geometry.true_bp.backpack",
        "axolotl_backpack": "geometry.true_bp.axolotl_backpack",
        "capybara_backpack": "geometry.true_bp.capybara_backpack",
        "cat_backpack": "geometry.true_bp.cat_backpack",
        "luxury_backpack": "geometry.true_bp.luxury_backpack",
        "pumpkin_backpack": "geometry.true_bp.pumpkin_backpack",
        "panda_backpack": "geometry.true_bp.panda_backpack"
      },
      "spawn_egg": {
        "texture": "true_backpack",
        "texture_index": 50
      },
      "scripts": {
        "pre_animation": [
          "variable.max = query.variant;"
        ]
      },
      "render_controllers": [
        {
          "controller.render.backpack": "query.skin_id <= 16"
        },
        {
          "controller.render.axolotl_backpack": "query.skin_id == 17"
        },
        {
          "controller.render.capybara_backpack": "query.skin_id == 18"
        },
        {
          "controller.render.luxury_backpack": "query.skin_id == 19"
        },
        {
          "controller.render.pumpkin_backpack": "query.skin_id == 20"
        },
        {
          "controller.render.cat_backpack": "query.skin_id == 21"
        },
        {
          "controller.render.cat1_backpack": "query.skin_id == 22"
        },
        {
          "controller.render.cat2_backpack": "query.skin_id == 23"
        },
        {
          "controller.render.cat3_backpack": "query.skin_id == 24"
        },
        {
          "controller.render.cat4_backpack": "query.skin_id == 25"
        },
        {
          "controller.render.panda_backpack": "query.skin_id == 26"
        },
        {
          "controller.render.panda_lazy_backpack": "query.skin_id == 27"
        },
        {
          "controller.render.panda_worried_backpack": "query.skin_id == 28"
        },
        {
          "controller.render.panda_playful_backpack": "query.skin_id == 29"
        },
        {
          "controller.render.panda_brown_backpack": "query.skin_id == 30"
        },
        {
          "controller.render.panda_sneezy_backpack": "query.skin_id == 31"
        },
        {
          "controller.render.panda_aggressive_backpack": "query.skin_id == 32"
        }
      ]
    }
  }
}