{
    "format_version": "1.20.10",
    "minecraft:recipe_shaped": {
        "description": {
            "identifier": "true:backpack_base_panda_item"
        },
        "tags": [
            "crafting_table"
        ],
        "pattern": [
            "CAD",
            "ABA",
            "AAA"
        ],
        "key": {
            "A": {
                "item": "minecraft:leather"
            },
            "B": {
                "item": "minecraft:string"
            },
            "C": {
                "item": "minecraft:white_wool"
            },
            "D": {
                "item": "minecraft:black_wool"
            }
        },
        "unlock": {
            "context": "AlwaysUnlocked"
        },
        "result": {
            "item": "true:backpack_base_panda_item"
        }
    }
}