{
	"format_version": "1.12.0",
	"minecraft:geometry": [
		{
			"description": {
				"identifier": "geometry.true_bp.axolotl_backpack.player",
				"texture_width": 64,
				"texture_height": 64,
				"visible_bounds_width": 3,
				"visible_bounds_height": 4,
				"visible_bounds_offset": [0, 1, 0]
			},
			"bones": [
				{
					"name": "root",
					"pivot": [0, 0, 0]
				},
				{
					"name": "waist",
					"parent": "root",
					"pivot": [0, 0, 0]
				},
				{
					"name": "body",
					"parent": "waist",
					"pivot": [0, 24, 0]
				},
				{
					"name": "axolotl",
					"parent": "body",
					"pivot": [0, 19, 3],
					"rotation": [90, 0, 180]
				},
				{
					"name": "axolotl2",
					"parent": "axolotl",
					"pivot": [0, 19, 7],
					"cubes": [
						{"origin": [-4, 16, -2], "size": [8, 4, 10], "uv": [0, 0]},
						{"origin": [-4, 20.1, -2], "size": [8, 0, 10], "uv": [-10, 46]},
						{"origin": [0, 16, -2], "size": [0, 5, 9], "uv": [24, 24]},
						{"origin": [-10, 10.7, 7], "size": [3, 5, 0], "pivot": [-5, 14.7, 3], "rotation": [36.05239, 54.46865, 30.64234], "uv": [6, 34]},
						{"origin": [-3.6, 13.9, -1.8], "size": [3, 5, 0], "pivot": [2.4, 17.9, 2.2], "rotation": [75.16696, 10.49678, 18.84197], "uv": [6, 34]},
						{"origin": [0.6, 13.9, -1.8], "size": [3, 5, 0], "pivot": [-2.4, 17.9, 2.2], "rotation": [75.16696, -10.49678, -18.84197], "uv": [6, 34]},
						{"origin": [7, 10.7, 7], "size": [3, 5, 0], "pivot": [5, 14.7, 3], "rotation": [36.05239, -54.46865, -30.64234], "uv": [6, 34]},
						{"origin": [0, 16, 7.4], "size": [0, 5, 12], "pivot": [0, 16, 3.4], "rotation": [7.5, 0, 0], "uv": [0, 14]},
						{"origin": [-4, 23, -9], "size": [8, 5, 5], "inflate": 0.1, "pivot": [0, 23, 1], "rotation": [95, 0, 0], "uv": [24, 14]},
						{"origin": [-4, 27.5, -6.9], "size": [8, 3, 0], "pivot": [0, 22.5, -0.9], "rotation": [112.5, 0, 0], "uv": [0, 31]},
						{"origin": [2.9, 21.4, -7.8], "size": [3, 7, 0], "pivot": [-1.1, 21.4, -1.8], "rotation": [103.74538, -24.3683, -5.7632], "uv": [16, 31]},
						{"origin": [-5.9, 21.4, -7.8], "size": [3, 7, 0], "pivot": [1.1, 21.4, -1.8], "rotation": [103.74538, 24.3683, 5.7632], "uv": [0, 34]},
						{"origin": [0.5, 23, -8.8], "size": [4, 5, 5], "inflate": 0.3, "pivot": [0.5, 23, 1.2], "rotation": [95, 0, 0], "uv": [31, 54], "mirror": true},
						{"origin": [-2.6, 23, -9.3], "size": [4, 5, 5], "inflate": 0.3, "pivot": [-2.6, 23, 0.7], "rotation": [95, 0, 0], "uv": [31, 54], "mirror": true},
						{"origin": [-4.5, 23, -8.8], "size": [4, 5, 5], "inflate": 0.3, "pivot": [-0.5, 23, 1.2], "rotation": [95, 0, 0], "uv": [31, 54]}
					]
				}
			]
		}
	]
}