{
	"format_version": "1.12.0",
	"minecraft:geometry": [
		{
			"description": {
				"identifier": "geometry.true_bp.axolotl_backpack",
				"texture_width": 64,
				"texture_height": 64,
				"visible_bounds_width": 3,
				"visible_bounds_height": 3,
				"visible_bounds_offset": [0, 0.5, 0]
			},
			"bones": [
				{
					"name": "root",
					"pivot": [0, 6, -6],
					"rotation": [-90, 0, 0]
				},
				{
					"name": "body",
					"parent": "root",
					"pivot": [0, 13, -2],
					"cubes": [
						{"origin": [-4, 10, -11], "size": [8, 4, 10], "uv": [0, 0]},
						{"origin": [-4, 14.1, -11], "size": [8, 0, 10], "uv": [-10, 46]},
						{"origin": [0, 10, -11], "size": [0, 5, 9], "uv": [24, 24]},
						{"origin": [-10, 4.7, -2], "size": [3, 5, 0], "pivot": [-5, 8.7, -6], "rotation": [36.05239, 54.46865, 30.64234], "uv": [6, 34]},
						{"origin": [-3.6, 7.9, -10.8], "size": [3, 5, 0], "pivot": [2.4, 11.9, -6.8], "rotation": [75.16696, 10.49678, 18.84197], "uv": [6, 34]},
						{"origin": [0.6, 7.9, -10.8], "size": [3, 5, 0], "pivot": [-2.4, 11.9, -6.8], "rotation": [75.16696, -10.49678, -18.84197], "uv": [6, 34]},
						{"origin": [7, 4.7, -2], "size": [3, 5, 0], "pivot": [5, 8.7, -6], "rotation": [36.05239, -54.46865, -30.64234], "uv": [6, 34]},
						{"origin": [0, 10, -1.6], "size": [0, 5, 12], "pivot": [0, 10, -5.6], "rotation": [7.5, 0, 0], "uv": [0, 14]},
						{"origin": [-4, 17, -18], "size": [8, 5, 5], "inflate": 0.1, "pivot": [0, 17, -8], "rotation": [95, 0, 0], "uv": [24, 14]},
						{"origin": [-4, 21.5, -15.9], "size": [8, 3, 0], "pivot": [0, 16.5, -9.9], "rotation": [112.5, 0, 0], "uv": [0, 31]},
						{"origin": [2.9, 15.4, -16.8], "size": [3, 7, 0], "pivot": [-1.1, 15.4, -10.8], "rotation": [103.74538, -24.3683, -5.7632], "uv": [16, 31]},
						{"origin": [-5.9, 15.4, -16.8], "size": [3, 7, 0], "pivot": [1.1, 15.4, -10.8], "rotation": [103.74538, 24.3683, 5.7632], "uv": [0, 34]},
						{"origin": [0.5, 17, -17.8], "size": [4, 5, 5], "inflate": 0.3, "pivot": [0.5, 17, -7.8], "rotation": [95, 0, 0], "uv": [31, 54], "mirror": true},
						{"origin": [-2.6, 17, -18.3], "size": [4, 5, 5], "inflate": 0.3, "pivot": [-2.6, 17, -8.3], "rotation": [95, 0, 0], "uv": [31, 54], "mirror": true},
						{"origin": [-4.5, 17, -17.8], "size": [4, 5, 5], "inflate": 0.3, "pivot": [-0.5, 17, -7.8], "rotation": [95, 0, 0], "uv": [31, 54]}
					]
				}
			]
		}
	]
}