{
  "format_version": "1.20.10",
  "minecraft:recipe_shaped": {
    "description": {
      "identifier": "true:gold_pocket_item"
    },
    "tags": [
      "crafting_table"
    ],
    "pattern": [
      "BBB",
      "BAB",
      "BBB"
    ],
    "key": {
      "A": {
        "item": "true:iron_pocket_item"
      },
      "B": {
        "item": "minecraft:gold_ingot"
      }
    },
    "unlock": {
        "context": "AlwaysUnlocked"
      },
    "result": {
      "item": "true:gold_pocket_item"
    }
  }
}