{
  "format_version": "1.20.10",
  "minecraft:recipe_shaped": {
    "description": {
      "identifier": "true:magnet_item"
    },
    "tags": [
      "crafting_table"
    ],
    "pattern": [
      "ACB"
    ],
    "key": {
      "A": {
        "item": "minecraft:iron_ingot"
      },
      "B": {
        "item": "minecraft:copper_ingot"
      },
      "C": {
        "item": "minecraft:redstone"
      }
    },
    "unlock": {
      "context": "AlwaysUnlocked"
    },
    "result": {
      "item": "true:magnet_item"
    }
  }
}