{
  "format_version": "1.20.10",
  "minecraft:recipe_shaped": {
    "description": {
      "identifier": "true:sarcophagus_item"
    },
    "tags": [
      "crafting_table"
    ],
    "pattern": [
      "AAA",
      "ABA",
      "AAA"
    ],
    "key": {
      "A": {
        "item": "minecraft:gold_ingot"
      },
      "B": {
        "item": "minecraft:ender_eye"
      }
    },
    "unlock": {
      "context": "AlwaysUnlocked"
    },
    "result": {
      "item": "true:sarcophagus_item"
    }
  }
}