{
  "format_version": "1.8.0",
  "animations": {
    "animation.true_bp.backpack.break": {
      "animation_length": 0.4167,
      "bones": {
        "root": {
          "rotation": {
            "0.0": {
              "lerp_mode": "catmullrom",
              "post": [ 0, 0, 0 ]
            },
            "0.1667": {
              "post": [ 0, 5, 0 ],
              "lerp_mode": "catmullrom"
            },
            "0.2917": {
              "post": [ 0, 0, 2.5 ],
              "lerp_mode": "catmullrom"
            },
            "0.4167": {
              "post": [ 0, 0, 0 ],
              "lerp_mode": "catmullrom"
            }
          }
        }
      }
    }
  }
}