{
  "namespace": "chest",
  "chest_label": {
    "$new_container_title|default": "$container_title",
    "text": "$new_container_title",
    "layer": 1
  },
  "input_grid_panel":{
    "type": "panel",
    "offset":[20, 0],
    "ignored": true
  },

  "leather_pocket_grid": {
    "type": "grid",
    "anchor_from": "top_left",
    "anchor_to": "top_left",
    "grid_dimensions": [ 9, 4 ],
    "grid_item_template": "chest.chest_grid_item",
    "collection_name": "container_items"
  },
  "leather_pocket_panel_top_half": {
    "type": "panel",
    "size": [ "100%", "100%" ],
    "offset": [ 0, 12 ],
    "anchor_to": "top_left",
    "anchor_from": "top_left",
    "controls": [
      { "chest_label@chest.chest_label": {
          "offset": [ -48, -58 ]
      } },
      {
        "iron_pocket_grid@chest.leather_pocket_grid": {
          "offset": [ -50, -45 ]
        }
      }
    ]
  },
  "leather_pocket_panel": {
    "type": "panel",
    "controls": [
      { "container_gamepad_helpers@common.container_gamepad_helpers": {} },
      {
        "flying_item_renderer@common.flying_item_renderer": {
          "layer": 14
        }
      },
      { "selected_item_details_factory@common.selected_item_details_factory": {} },
      { "item_lock_notification_factory@common.item_lock_notification_factory": {} },
      {
        "root_panel@common.root_panel": {
          "layer": 1,
          "controls": [
            { "common_panel@common.common_panel": {
              "size":[ "101%", "115%"],
              "offset":[-1, 0],
              "layer": 3
            } },
            {
              "chest_panel": {
                "type": "panel",
                "layer": 5,
                "controls": [
                  { "iron_pocket_panel_top_half@chest.leather_pocket_panel_top_half": {
                    "offset":[56, 55]
                  } },
                  { "inventory_panel_bottom_half_with_label@common.inventory_panel_bottom_half_with_label": {
                    "offset":[-1, 10],
                    "layer": 1
                  } },
                  { "hotbar_grid@common.hotbar_grid_template": {
                    "offset":[-1, 6]
                  } },
                  { "inventory_take_progress_icon_button@common.inventory_take_progress_icon_button": {} }
                ]
              }
            },
            { "inventory_selected_icon_button@common.inventory_selected_icon_button": {} },
            { "gamepad_cursor@common.gamepad_cursor_button": {} }
          ]
        }
      }
    ]
  },

  "iron_pocket_grid": {
    "type": "grid",
    "anchor_from": "top_left",
    "anchor_to": "top_left",
    "grid_dimensions": [ 9, 5 ],
    "grid_item_template": "chest.chest_grid_item",
    "collection_name": "container_items"
  },
  "iron_pocket_panel_top_half": {
    "type": "panel",
    "size": [ "100%", "100%" ],
    "offset": [ 0, 12 ],
    "anchor_to": "top_left",
    "anchor_from": "top_left",
    "controls": [
      { "chest_label@chest.chest_label": {
          "offset": [ -48, -58 ]
      } },
      {
        "iron_pocket_grid@chest.iron_pocket_grid": {
          "offset": [ -50, -45 ]
        }
      }
    ]
  },
  "iron_pocket_panel": {
    "type": "panel",
    "controls": [
      { "container_gamepad_helpers@common.container_gamepad_helpers": {} },
      {
        "flying_item_renderer@common.flying_item_renderer": {
          "layer": 14
        }
      },
      { "selected_item_details_factory@common.selected_item_details_factory": {} },
      { "item_lock_notification_factory@common.item_lock_notification_factory": {} },
      {
        "root_panel@common.root_panel": {
          "layer": 1,
          "controls": [
            { "common_panel@common.common_panel": {
              "size":[ "101%", "125%"],
              "offset":[-1, 0],
              "layer": 3
            } },
            {
              "chest_panel": {
                "type": "panel",
                "layer": 5,
                "controls": [
                  { "iron_pocket_panel_top_half@chest.iron_pocket_panel_top_half": {
                    "offset":[56, 45]
                  } },
                  { "inventory_panel_bottom_half_with_label@common.inventory_panel_bottom_half_with_label": {
                    "offset":[-1, 18],
                    "layer": 1
                  } },
                  { "hotbar_grid@common.hotbar_grid_template": {
                    "offset":[-1, 14]
                  } },
                  { "inventory_take_progress_icon_button@common.inventory_take_progress_icon_button": {} }
                ]
              }
            },
            { "inventory_selected_icon_button@common.inventory_selected_icon_button": {} },
            { "gamepad_cursor@common.gamepad_cursor_button": {} }
          ]
        }
      }
    ]
  },

  "gold_pocket_grid": {
    "type": "grid",
    "anchor_from": "top_left",
    "anchor_to": "top_left",
    "grid_dimensions": [ 9, 6 ],
    "grid_item_template": "chest.chest_grid_item",
    "collection_name": "container_items"
  },
  "gold_pocket_panel_top_half": {
    "type": "panel",
    "size": [ "100%", "100%" ],
    "offset": [ 0, 12 ],
    "anchor_to": "top_left",
    "anchor_from": "top_left",
    "controls": [
      { "chest_label@chest.chest_label": {
          "offset": [ -48, -58 ]
      } },
      {
        "gold_pocket_grid@chest.gold_pocket_grid": {
          "offset": [ -50, -45 ]
        }
      }
    ]
  },
  "gold_pocket_panel": {
    "type": "panel",
    "controls": [
      { "container_gamepad_helpers@common.container_gamepad_helpers": {} },
      {
        "flying_item_renderer@common.flying_item_renderer": {
          "layer": 14
        }
      },
      { "selected_item_details_factory@common.selected_item_details_factory": {} },
      { "item_lock_notification_factory@common.item_lock_notification_factory": {} },
      {
        "root_panel@common.root_panel": {
          "layer": 1,
          "controls": [
            { "common_panel@common.common_panel": {
              "size":[ "101%", "135%"],
              "offset":[-1, 0],
              "layer": 3
            } },
            {
              "chest_panel": {
                "type": "panel",
                "layer": 5,
                "controls": [
                  { "gold_pocket_panel_top_half@chest.gold_pocket_panel_top_half": {
                    "offset":[56, 35]
                  } },
                  { "inventory_panel_bottom_half_with_label@common.inventory_panel_bottom_half_with_label": {
                    "offset":[-1, 26],
                    "layer": 1
                  } },
                  { "hotbar_grid@common.hotbar_grid_template": {
                    "offset":[-1, 22]
                  } },
                  { "inventory_take_progress_icon_button@common.inventory_take_progress_icon_button": {} }
                ]
              }
            },
            { "inventory_selected_icon_button@common.inventory_selected_icon_button": {} },
            { "gamepad_cursor@common.gamepad_cursor_button": {} }
          ]
        }
      }
    ]
  },

  "diamond_pocket_grid": {
    "type": "grid",
    "anchor_from": "top_left",
    "anchor_to": "top_left",
    "grid_dimensions": [ 9, 7 ],
    "grid_item_template": "chest.chest_grid_item",
    "collection_name": "container_items"
  },
  "diamond_pocket_panel_top_half": {
    "type": "panel",
    "size": [ "100%", "100%" ],
    "offset": [ 0, 12 ],
    "anchor_to": "top_left",
    "anchor_from": "top_left",
    "controls": [
      { "chest_label@chest.chest_label": {
          "offset": [ -48, -58 ]
      } },
      {
        "gold_pocket_grid@chest.diamond_pocket_grid": {
          "offset": [ -50, -45 ]
        }
      }
    ]
  },
  "diamond_pocket_panel": {
    "type": "panel",
    "controls": [
      { "container_gamepad_helpers@common.container_gamepad_helpers": {} },
      {
        "flying_item_renderer@common.flying_item_renderer": {
          "layer": 14
        }
      },
      { "selected_item_details_factory@common.selected_item_details_factory": {} },
      { "item_lock_notification_factory@common.item_lock_notification_factory": {} },
      {
        "root_panel@common.root_panel": {
          "layer": 1,
          "controls": [
            { "common_panel@common.common_panel": {
              "size":[ "101%", "148%"],
              "offset":[ -1, 0 ],
              "layer": 3
            } },
            {
              "chest_panel": {
                "type": "panel",
                "layer": 5,
                "controls": [
                  { "gold_pocket_panel_top_half@chest.diamond_pocket_panel_top_half": {
                    "offset":[ 56, 28 ]
                  } },
                  { "inventory_panel_bottom_half_with_label@common.inventory_panel_bottom_half_with_label": {
                    "offset":[ -1, 37 ],
                    "layer": 1
                  } },
                  { "hotbar_grid@common.hotbar_grid_template": {
                    "offset":[ -1, 33 ]
                  } },
                  { "inventory_take_progress_icon_button@common.inventory_take_progress_icon_button": {} }
                ]
              }
            },
            { "inventory_selected_icon_button@common.inventory_selected_icon_button": {} },
            { "gamepad_cursor@common.gamepad_cursor_button": {} }
          ]
        }
      }
    ]
  },

  "netherite_pocket_grid": {
    "type": "grid",
    "anchor_from": "top_left",
    "anchor_to": "top_left",
    "grid_dimensions": [ 9, 8 ],
    "grid_item_template": "chest.chest_grid_item",
    "collection_name": "container_items"
  },
  "netherite_pocket_panel_top_half": {
    "type": "panel",
    "size": [ "100%", "100%" ],
    "offset": [ 0, 12 ],
    "anchor_to": "top_left",
    "anchor_from": "top_left",
    "controls": [
      { "chest_label@chest.chest_label": {
          "offset": [ -48, -58 ]
      } },
      {
        "gold_pocket_grid@chest.netherite_pocket_grid": {
          "offset": [ -50, -45 ]
        }
      }
    ]
  },
  "netherite_pocket_panel": {
    "type": "panel",
    "controls": [
      { "container_gamepad_helpers@common.container_gamepad_helpers": {} },
      {
        "flying_item_renderer@common.flying_item_renderer": {
          "layer": 14
        }
      },
      { "selected_item_details_factory@common.selected_item_details_factory": {} },
      { "item_lock_notification_factory@common.item_lock_notification_factory": {} },
      {
        "root_panel@common.root_panel": {
          "layer": 1,
          "controls": [
            { "common_panel@common.common_panel": {
              "size":[ "101%", "158%"],
              "offset":[-1, 0],
              "layer": 3
            } },
            {
              "chest_panel": {
                "type": "panel",
                "layer": 5,
                "controls": [
                  { "gold_pocket_panel_top_half@chest.netherite_pocket_panel_top_half": {
                    "offset":[56, 19]
                  } },
                  { "inventory_panel_bottom_half_with_label@common.inventory_panel_bottom_half_with_label": {
                    "offset":[-1, 46],
                    "layer": 1
                  } },
                  { "hotbar_grid@common.hotbar_grid_template": {
                    "offset":[-1, 42]
                  } },
                  { "inventory_take_progress_icon_button@common.inventory_take_progress_icon_button": {} }
                ]
              }
            },
            { "inventory_selected_icon_button@common.inventory_selected_icon_button": {} },
            { "gamepad_cursor@common.gamepad_cursor_button": {} }
          ]
        }
      }
    ]
  },

  //

  "small_chest_screen@common.inventory_screen_common": {
    "$close_on_player_hurt|default": true,
    "$use_custom_pocket_toast|default": false,
    "$new_container_title|default": "$container_title",
    "close_on_player_hurt": "$close_on_player_hurt",
    "use_custom_pocket_toast": "$use_custom_pocket_toast",
    "variables": [
      {
        "requires": "($pocket_screen)",
        "$use_custom_pocket_toast": true,
        "$screen_content": "pocket_containers.small_chest_panel"
      },
      {
        "requires": "($desktop_screen)",
        "$screen_content": "chest.small_chest_panel",
        "$screen_bg_content": "common.screen_background"
      },
      {
        "requires": "(not (($new_container_title - '§t§r§u§e§r') = $new_container_title))",
        "$screen_content": "chest.leather_pocket_panel",
        "$screen_bg_content": "common.screen_background"
      },
      {
        "requires": "(not (($new_container_title - '§t§r§u§e§r§r') = $new_container_title))",
        "$screen_content": "chest.iron_pocket_panel",
        "$screen_bg_content": "common.screen_background"
      },
      {
        "requires": "(not (($new_container_title - '§t§r§u§e§r§r§r') = $new_container_title))",
        "$screen_content": "chest.gold_pocket_panel",
        "$screen_bg_content": "common.screen_background"
      },
      {
        "requires": "(not (($new_container_title - '§t§r§u§e§r§r§r§r') = $new_container_title))",
        "$screen_content": "chest.diamond_pocket_panel",
        "$screen_bg_content": "common.screen_background"
      },
      {
        "requires": "(not (($new_container_title - '§t§r§u§e§r§r§r§r§r') = $new_container_title))",
        "$screen_content": "chest.netherite_pocket_panel",
        "$screen_bg_content": "common.screen_background"
      }
    ]
  }
}