{
	"format_version": "1.12.0",
	"minecraft:geometry": [
		{
			"description": {
				"identifier": "geometry.true_bp.backpack",
				"texture_width": 64,
				"texture_height": 64,
				"visible_bounds_width": 2,
				"visible_bounds_height": 2.5,
				"visible_bounds_offset": [0, 0.75, 0]
			},
			"bones": [
				{
					"name": "root",
					"pivot": [0, -2, -3],
					"cubes": [
						{"origin": [-4, 9, -1.5], "size": [8, 5, 0], "uv": [16, 21]},
						{"origin": [-4, 5, -4], "size": [8, 5, 5], "uv": [0, 11]},
						{"origin": [-4, 0, 1.4], "size": [8, 10, 0], "uv": [0, 21]},
						{"origin": [3.7, 0, -3], "size": [2, 5, 4], "inflate": -0.2, "uv": [26, 11]},
						{"origin": [3.7, 0, -3], "size": [2, 5, 4], "inflate": -0.1, "uv": [16, 26]},
						{"origin": [-5.7, 0, -3], "size": [2, 5, 4], "inflate": -0.1, "uv": [16, 26], "mirror": true},
						{"origin": [-5.7, 0, -3], "size": [2, 5, 4], "inflate": -0.2, "uv": [26, 11], "mirror": true},
						{"origin": [-4, 0, -5], "size": [8, 5, 6], "uv": [0, 0]},
						{"origin": [-0.5, 4, -5], "size": [1, 3, 1], "inflate": 0.1, "uv": [28, 0]}
					]
				}
			]
		}
	]
}