{
	"format_version": "1.12.0",
	"minecraft:geometry": [
		{
			"description": {
				"identifier": "geometry.true_bp.backpack.player",
				"texture_width": 64,
				"texture_height": 64,
				"visible_bounds_width": 3,
				"visible_bounds_height": 3.5,
				"visible_bounds_offset": [0, 1.25, 0]
			},
			"bones": [
				{
					"name": "root",
					"pivot": [0, 0, 0]
				},
				{
					"name": "waist",
					"parent": "root",
					"pivot": [0, 0, 0]
				},
				{
					"name": "body",
					"parent": "waist",
					"pivot": [0, 24, 0],
					"cubes": [
						{"origin": [-4, 12, -2.7], "size": [8, 12, 4], "inflate": 0.58, "uv": [0, 32]}
					]
				},
				{
					"name": "backpack",
					"parent": "body",
					"pivot": [0, 12, 6],
					"rotation": [0, 180, 0],
					"cubes": [
						{"origin": [-4, 23, 7.5], "size": [8, 5, 0], "uv": [16, 21]},
						{"origin": [-4, 19, 5], "size": [8, 5, 5], "uv": [0, 11]},
						{"origin": [3.7, 14, 6], "size": [2, 5, 4], "inflate": -0.2, "uv": [26, 11]},
						{"origin": [3.7, 14, 6], "size": [2, 5, 4], "inflate": -0.1, "uv": [16, 26]},
						{"origin": [-5.7, 14, 6], "size": [2, 5, 4], "inflate": -0.1, "uv": [16, 26], "mirror": true},
						{"origin": [-5.7, 14, 6], "size": [2, 5, 4], "inflate": -0.2, "uv": [26, 11], "mirror": true},
						{"origin": [-4, 14, 4], "size": [8, 5, 6], "uv": [0, 0]},
						{"origin": [-0.5, 18, 4], "size": [1, 3, 1], "inflate": 0.1, "uv": [28, 0]}
					]
				}
			]
		}
	]
}