{
	"format_version": "1.12.0",
	"minecraft:geometry": [
		{
			"description": {
				"identifier": "geometry.true_bp.panda_backpack",
				"texture_width": 64,
				"texture_height": 64,
				"visible_bounds_width": 2,
				"visible_bounds_height": 2.5,
				"visible_bounds_offset": [0, 0.75, 0]
			},
			"bones": [
				{
					"name": "bone",
					"pivot": [-3, 0, -4],
					"cubes": [
						{"origin": [-4, 0, -2], "size": [7, 7, 4], "uv": [0, 10]},
						{"origin": [-3.5, 0, 2.3], "size": [6, 7, 0], "uv": [22, 10]}
					]
				},
				{
					"name": "legs",
					"parent": "bone",
					"pivot": [2, 0, -4],
					"cubes": [
						{"origin": [-3.75, 4, -4], "size": [2, 2, 4], "uv": [26, 0]},
						{"origin": [-3.75, -0.2, -4], "size": [2, 2, 4], "uv": [26, 23]},
						{"origin": [0.75, -0.2, -4], "size": [2, 2, 4], "uv": [26, 17]},
						{"origin": [0.75, 4, -4], "size": [2, 2, 4], "uv": [0, 28]}
					]
				},
				{
					"name": "bone2",
					"parent": "bone",
					"pivot": [3, 0, -4]
				},
				{
					"name": "bone3",
					"parent": "bone",
					"pivot": [2.5, 0, -4]
				},
				{
					"name": "bone4",
					"parent": "bone3",
					"pivot": [-3.5, 1, -5],
					"cubes": [
						{"origin": [-4.5, 7, -3], "size": [8, 5, 5], "uv": [0, 0]},
						{"origin": [-5.9, 11, -1], "size": [4, 3, 1], "uv": [26, 6]},
						{"origin": [0.9, 11, -1], "size": [4, 3, 1], "uv": [22, 29]},
						{"origin": [-2.5, 7, -4], "size": [4, 3, 1], "inflate": -0.1, "uv": [12, 28]},
						{"origin": [-1.475, 5.425, -2.825], "size": [2, 3, 0], "pivot": [-0.475, 8.425, -2.825], "rotation": [-52.5, 0, 0], "uv": [38, 0]}
					]
				},
				{
					"name": "bone5",
					"parent": "bone",
					"pivot": [3, 0, -4]
				},
				{
					"name": "bone6",
					"parent": "bone5",
					"pivot": [-3, 0, -4]
				},
				{
					"name": "bone7",
					"parent": "bone",
					"pivot": [3, 0, -4]
				}
			]
		}
	]
}