{
	"format_version": "1.12.0",
	"minecraft:geometry": [
		{
			"description": {
				"identifier": "geometry.true_bp.panda_backpack.player",
				"texture_width": 64,
				"texture_height": 64,
				"visible_bounds_width": 3,
				"visible_bounds_height": 3.5,
				"visible_bounds_offset": [0, 1.25, 0]
			},
			"bones": [
				{
					"name": "root",
					"pivot": [0, 0, 0]
				},
				{
					"name": "waist",
					"parent": "root",
					"pivot": [0, 0, 0]
				},
				{
					"name": "body",
					"parent": "waist",
					"pivot": [0, 24, 0],
					"cubes": [
						{"origin": [-4, 12, -2.7], "size": [8, 12, 4], "inflate": 0.58, "uv": [0, 34]}
					]
				},
				{
					"name": "bone",
					"pivot": [-0.2, 16.5, 2.85],
					"rotation": [0, 180, 0],
					"cubes": [
						{"origin": [-3.7, 13, -0.25], "size": [7, 7, 4], "uv": [0, 10]},
						{"origin": [-3.2, 13, 3.95], "size": [6, 7, 0], "uv": [22, 10]}
					]
				},
				{
					"name": "legs",
					"parent": "bone",
					"pivot": [2.3, 13, -2.25],
					"cubes": [
						{"origin": [-3.45, 17, -2.25], "size": [2, 2, 4], "uv": [26, 0]},
						{"origin": [-3.45, 12.8, -2.25], "size": [2, 2, 4], "uv": [26, 23]},
						{"origin": [1.05, 12.8, -2.25], "size": [2, 2, 4], "uv": [26, 17]},
						{"origin": [1.05, 17, -2.25], "size": [2, 2, 4], "uv": [0, 28]}
					]
				},
				{
					"name": "bone2",
					"parent": "bone",
					"pivot": [3.3, 13, -2.25]
				},
				{
					"name": "bone3",
					"parent": "bone",
					"pivot": [2.8, 13, -2.25]
				},
				{
					"name": "bone4",
					"parent": "bone3",
					"pivot": [-3.2, 14, -3.25],
					"cubes": [
						{"origin": [-4.2, 20, -1.25], "size": [8, 5, 5], "uv": [0, 0]},
						{"origin": [-5.6, 24, 0.75], "size": [4, 3, 1], "uv": [26, 6]},
						{"origin": [1.2, 24, 0.75], "size": [4, 3, 1], "uv": [22, 29]},
						{"origin": [-2.2, 20, -2.25], "size": [4, 3, 1], "inflate": -0.1, "uv": [12, 28]},
						{"origin": [-1.175, 18.425, -1.075], "size": [2, 3, 0], "pivot": [-0.175, 21.425, -1.075], "rotation": [-52.5, 0, 0], "uv": [38, 0]}
					]
				},
				{
					"name": "bone5",
					"parent": "bone",
					"pivot": [3.3, 13, -2.25]
				},
				{
					"name": "bone6",
					"parent": "bone5",
					"pivot": [-2.7, 13, -2.25]
				},
				{
					"name": "bone7",
					"parent": "bone",
					"pivot": [3.3, 13, -2.25]
				}
			]
		}
	]
}