{
	"format_version": "1.12.0",
	"minecraft:geometry": [
		{
			"description": {
				"identifier": "geometry.true_bp.luxury_backpack.player",
				"texture_width": 64,
				"texture_height": 64,
				"visible_bounds_width": 3,
				"visible_bounds_height": 3.5,
				"visible_bounds_offset": [0, 1.25, 0]
			},
			"bones": [
				{
					"name": "root",
					"pivot": [0, 0, 0]
				},
				{
					"name": "waist",
					"parent": "root",
					"pivot": [0, 0, 0]
				},
				{
					"name": "body",
					"parent": "waist",
					"pivot": [0, 24, 0]
				},
				{
					"name": "backpack",
					"parent": "body",
					"pivot": [0.64279, 14, 6],
					"cubes": [
						{"origin": [-3.35721, 14, 3], "size": [7, 5, 7], "pivot": [0.64279, 14, 6], "rotation": [0, -45, 0], "uv": [28, 0]},
						{"origin": [-3.35721, 14, 2.7], "size": [7, 5, 7], "inflate": 0.5, "pivot": [0.64279, 14, 5.7], "rotation": [0, -45, 0], "uv": [28, 12]},
						{"origin": [-4.35721, 14, 2], "size": [7, 10, 7], "pivot": [0.64279, 14, 6], "rotation": [0, -45, 0], "uv": [0, 0]},
						{"origin": [-4.35721, 13.9, 2], "size": [7, 10, 7], "inflate": 0.3, "pivot": [0.64279, 13.9, 6], "rotation": [0, -45, 0], "uv": [0, 18]},
						{"origin": [-6, 14, 3], "size": [12, 5, 2], "inflate": -0.01, "uv": [0, 57]},
						{"origin": [-6, 14, 3], "size": [12, 5, 2], "inflate": 0.2, "uv": [0, 49]}
					]
				}
			]
		}
	]
}