{
	"format_version": "1.12.0",
	"minecraft:geometry": [
		{
			"description": {
				"identifier": "geometry.true_bp.luxury_backpack",
				"texture_width": 64,
				"texture_height": 64,
				"visible_bounds_width": 2,
				"visible_bounds_height": 2.5,
				"visible_bounds_offset": [0, 0.75, 0]
			},
			"bones": [
				{
					"name": "bone",
					"pivot": [-0.04288, 4.31667, -0.18807],
					"rotation": [0, 180, 0],
					"cubes": [
						{"origin": [-3.35721, 1, -2], "size": [7, 5, 7], "pivot": [0.64279, 1, 1], "rotation": [0, -45, 0], "uv": [28, 0]},
						{"origin": [-3.35721, 1, -2.3], "size": [7, 5, 7], "inflate": 0.5, "pivot": [0.64279, 1, 0.7], "rotation": [0, -45, 0], "uv": [28, 12]},
						{"origin": [-4.35721, 1, -3], "size": [7, 10, 7], "pivot": [0.64279, 1, 1], "rotation": [0, -45, 0], "uv": [0, 0]},
						{"origin": [-4.35721, 0.9, -3], "size": [7, 10, 7], "inflate": 0.3, "pivot": [0.64279, 0.9, 1], "rotation": [0, -45, 0], "uv": [0, 18]},
						{"origin": [-6, 1, -2], "size": [12, 5, 2], "uv": [0, 57]},
						{"origin": [-6, 1, -2], "size": [12, 5, 2], "inflate": 0.2, "uv": [0, 49]}
					]
				}
			]
		}
	]
}